date,symbol,funding_rate_pct,oi_24h_pct,price_change_24h_pct
2026-07-23,AAVEUSDT,0.000007000000000000001,0.7935359121990171,-0.973
2026-07-23,ADAUSDT,0.002462,-3.513855663555988,-0.87
2026-07-23,APTUSDT,0.001285,4.217467464065319,1.122
2026-07-23,ARBUSDT,-0.022164,-2.83836733710026,-2.886
2026-07-23,ATOMUSDT,-0.017869,1.571943799178243,-1.638
2026-07-23,AVAXUSDT,-0.010047,-0.4078264953693523,-1.138
2026-07-23,BCHUSDT,-0.011709,-0.899275888906516,-2.882
2026-07-23,BNBUSDT,0.011769,0.9202025457210667,-0.403
2026-07-23,BTCUSDT,0.001575,-1.996845017827301,-0.907
2026-07-23,DOGEUSDT,0.001429,-0.1067853946968487,-2.792
2026-07-23,DOTUSDT,-0.03144,-0.4485278464914175,-2.457
2026-07-23,ETCUSDT,0.005709,0.9278615741604567,-0.13
2026-07-23,ETHUSDT,-0.004905,1.431697964625608,-1.218
2026-07-23,FILUSDT,-0.010092,-3.28255164903078,-4.136
2026-07-23,ICPUSDT,0.004724,0.1276524369484386,-0.87
2026-07-23,INJUSDT,0.001159,-4.106378334057232,-1.114
2026-07-23,LINKUSDT,0.008442,1.760687636785348,-1.348
2026-07-23,LTCUSDT,0.004975,-2.238228648483656,0.129
2026-07-23,NEARUSDT,0.002582,8.995356519523565,0.107
2026-07-23,OPUSDT,0.001052,-6.431582239571529,-1.969
2026-07-23,SEIUSDT,0.004346,7.369270940701584,0.304
2026-07-23,SOLUSDT,-0.002755,-0.2847660314610891,-0.764
2026-07-23,SUIUSDT,0.001988,0.04680581849539825,-0.827
2026-07-23,TIAUSDT,0.001954,1.656333900038468,-1.936
2026-07-23,TRXUSDT,-0.011426,-1.914379112034104,-1.025
2026-07-23,UNIUSDT,0.002188,3.07437867371471,-0.053
2026-07-23,WIFUSDT,-0.003854,-1.444950362521461,-0.463
2026-07-23,XRPUSDT,0.001779,-1.441905531088293,-2.042
2026-07-24,AAVEUSDT,0.005747,0.7935359121990171,-1.719
2026-07-24,ADAUSDT,-0.013592,-3.513855663555988,-3.049
2026-07-24,APTUSDT,-0.004857999999999999,4.217467464065319,-0.435
2026-07-24,ARBUSDT,-0.01568,-2.83836733710026,-3.19
2026-07-24,ATOMUSDT,-0.011024,1.571943799178243,-3.074
2026-07-24,AVAXUSDT,-0.019502,-0.4078264953693523,-4.907
2026-07-24,BCHUSDT,-0.004032,-0.899275888906516,-3.341
2026-07-24,BNBUSDT,0.002024,0.9202025457210667,-0.449
2026-07-24,BTCUSDT,0.008091,-1.996845017827301,-1.21
2026-07-24,DOGEUSDT,-0.014407,-0.1067853946968487,-4.769
2026-07-24,DOTUSDT,-0.001149,-0.4485278464914175,-1.743
2026-07-24,ETCUSDT,0.002956,0.9278615741604567,-1.473
2026-07-24,ETHUSDT,-0.000777,1.431697964625608,-2.451
2026-07-24,FILUSDT,-0.006133,-3.28255164903078,-4.362
2026-07-24,ICPUSDT,-0.000191,0.1276524369484386,-2.266
2026-07-24,INJUSDT,-0.011875,-4.106378334057232,0.251
2026-07-24,LINKUSDT,0.003489,1.760687636785348,-1.534
2026-07-24,LTCUSDT,0.000317,-2.238228648483656,0.234
2026-07-24,NEARUSDT,0.01,8.995356519523565,0.965
2026-07-24,OPUSDT,-0.010785,-6.431582239571529,-4.442
2026-07-24,SEIUSDT,-0.025394,7.369270940701584,-1.32
2026-07-24,SOLUSDT,0.003123,-0.2847660314610891,-2.148
2026-07-24,SUIUSDT,-0.015111,0.04680581849539825,-2.074
2026-07-24,TIAUSDT,-0.00089,1.656333900038468,-3.599
2026-07-24,TRXUSDT,0.003975999999999999,-1.914379112034104,0.027
2026-07-24,UNIUSDT,0.003839,3.07437867371471,-0.053
2026-07-24,WIFUSDT,-0.003395,-1.444950362521461,-5.585
2026-07-24,XRPUSDT,0.004523,-1.441905531088293,-2.799
2026-07-25,AAVEUSDT,-0.003222,-3.835134419557447,-2.87
2026-07-25,ADAUSDT,-0.016966,1.981706952318953,-2.087
2026-07-25,APTUSDT,-0.004189,2.128978495156583,-3.023
2026-07-25,ARBUSDT,-0.00658,5.537865312016936,-3.298
2026-07-25,ATOMUSDT,0.000316,1.747858738444825,-1.555
2026-07-25,AVAXUSDT,-0.004959,9.069273793943182,0.736
2026-07-25,BCHUSDT,-0.004286,0.199058836157164,-0.576
2026-07-25,BNBUSDT,0.001501,-0.692736598162269,-0.407
2026-07-25,BTCUSDT,0.006104,1.462833334998652,-1.281
2026-07-25,DOGEUSDT,-0.00063,-1.283187128686371,0.943
2026-07-25,DOTUSDT,0.005928,1.835437668679708,-0.848
2026-07-25,ETCUSDT,-0.01723,10.34784839907079,-3.745
2026-07-25,ETHUSDT,0.005627,-1.118951869440925,-0.647
2026-07-25,FILUSDT,-0.003943,1.619033959605843,-0.965
2026-07-25,ICPUSDT,0.001206,1.341484973203084,-0.838
2026-07-25,INJUSDT,-0.010176,4.698356336897158,-0.462
2026-07-25,LINKUSDT,0.00236,-0.5972151162293924,-1.457
2026-07-25,LTCUSDT,0.002063,0.7923352832334616,-1.3
2026-07-25,NEARUSDT,-0.000093,-2.076095114819775,-3.83
2026-07-25,OPUSDT,0.002981,-2.748677471361028,0.217
2026-07-25,SEIUSDT,-0.028067,2.858181181249864,-3.416
2026-07-25,SOLUSDT,-0.003795,3.576095846694761,-2.273
2026-07-25,SUIUSDT,-0.003407,1.529297740545301,-4.152
2026-07-25,TIAUSDT,0.004165,-3.376437783349269,-2.133
2026-07-25,TRXUSDT,0.001836,5.380033339954866,0.563
2026-07-25,UNIUSDT,0.005318,1.698693772972714,0.799
2026-07-25,WIFUSDT,0.005,1.932966399756714,1.265
2026-07-25,XRPUSDT,-0.003676,-1.132695767824185,-1.293
2026-07-27,AAVEUSDT,0.01,6.568699627090099,9.739
2026-07-27,ADAUSDT,-0.008121,0.3864402019562264,0.121
2026-07-27,APTUSDT,0.005013,-0.006325548177379087,2.635
2026-07-27,ARBUSDT,-0.022351,2.529837045223057,0.267
2026-07-27,ATOMUSDT,-0.000936,1.125154368109149,0.796
2026-07-27,AVAXUSDT,0.01,-3.771533823886844,-1.001
2026-07-27,BCHUSDT,-0.006926,-2.194104329538662,3.373
2026-07-27,BNBUSDT,0.006601,-0.3072833013570477,0.869
2026-07-27,BTCUSDT,0.006148,-2.934453859676861,1.249
2026-07-27,DOGEUSDT,0.004148000000000001,2.136575426725289,2.106
2026-07-27,DOTUSDT,0.003165,0.5914417357608766,1.055
2026-07-27,ETCUSDT,0.01,-4.17314725937247,5.364
2026-07-27,ETHUSDT,0.01,1.291977129564904,3.84
2026-07-27,FILUSDT,0.001851,-3.351505474677797,0.747
2026-07-27,ICPUSDT,0.002794,-0.9258608091545214,2.096
2026-07-27,INJUSDT,-0.010308,7.164161798743211,-2.046
2026-07-27,LINKUSDT,0.01,4.42597397284103,5.057
2026-07-27,LTCUSDT,0.006782,5.895421596299308,2.278
2026-07-27,NEARUSDT,0.01,0.01163553252174336,2.175
2026-07-27,OPUSDT,0.001303,-1.282635388095102,2.709
2026-07-27,SEIUSDT,0.002228,-1.732799234807814,0.695
2026-07-27,SOLUSDT,0.009033,-4.887393954977417,2.575
2026-07-27,SUIUSDT,-0.000485,2.65269768703007,1.475
2026-07-27,TIAUSDT,0.003115,-3.122332858586014,2.949
2026-07-27,TRXUSDT,-0.006659,-1.096912230474449,0.172
2026-07-27,UNIUSDT,0.01,0.6944553998118842,4.871
2026-07-27,WIFUSDT,0.003103,0.09732703578965089,-1.1
2026-07-27,XRPUSDT,0.001168,0.04031898077440436,1.138
2026-07-28,AAVEUSDT,0.007554,6.568699627090099,-2.747
2026-07-28,ADAUSDT,-0.025216,0.3864402019562264,-6.518
2026-07-28,APTUSDT,-0.002333,-0.006325548177379087,-5.619
2026-07-28,ARBUSDT,0.006814,2.529837045223057,-7.62
2026-07-28,ATOMUSDT,-0.00962,1.125154368109149,-6.919
2026-07-28,AVAXUSDT,0.006258,-3.771533823886844,-3.883
2026-07-28,BCHUSDT,-0.019319,-2.194104329538662,-2.005
2026-07-28,BNBUSDT,0.003788,-0.3072833013570477,-1.556
2026-07-28,BTCUSDT,0.007139,-2.934453859676861,-2.323
2026-07-28,DOGEUSDT,0.006,2.136575426725289,-3.688
2026-07-28,DOTUSDT,-0.017231,0.5914417357608766,-8.714
2026-07-28,ETCUSDT,0.01,-4.17314725937247,-4.566
2026-07-28,ETHUSDT,0.005134,1.291977129564904,-2.789
2026-07-28,FILUSDT,-0.00854,-3.351505474677797,-6.763
2026-07-28,ICPUSDT,-0.008519,-0.9258608091545214,-4.064
2026-07-28,INJUSDT,-0.007038,7.164161798743211,-5.409
2026-07-28,LINKUSDT,0.002038,4.42597397284103,-3.754
2026-07-28,LTCUSDT,0.0008529999999999999,5.895421596299308,-3.917
2026-07-28,NEARUSDT,0.00922,0.01163553252174336,-6.59
2026-07-28,OPUSDT,-0.009125,-1.282635388095102,-8.333
2026-07-28,SEIUSDT,-0.021226,-1.732799234807814,-5.008
2026-07-28,SOLUSDT,0.000079,-4.887393954977417,-3.3
2026-07-28,SUIUSDT,-0.00753,2.65269768703007,-5.726
2026-07-28,TIAUSDT,0.003961999999999999,-3.122332858586014,-7.42
2026-07-28,TRXUSDT,-0.017353,-1.096912230474449,-1.704
2026-07-28,UNIUSDT,-0.002512,0.6944553998118842,-5.413
2026-07-28,WIFUSDT,0.004709,0.09732703578965089,-4.05
2026-07-28,XRPUSDT,-0.006881999999999999,0.04031898077440436,-3.966
2026-07-29,AAVEUSDT,0.01,1.02405493316669,3.297
2026-07-29,ADAUSDT,0.01,4.43431453767409,4.44
2026-07-29,APTUSDT,-0.006042,-3.318325955970467,-0.575
2026-07-29,ARBUSDT,0.007549,-3.807518177371542,2.551
2026-07-29,ATOMUSDT,0.003462,2.659026396328309,0.925
2026-07-29,AVAXUSDT,0.007443,-3.550591743018736,3.414
2026-07-29,BCHUSDT,0.006461000000000001,-1.693250398330332,1.251
2026-07-29,BNBUSDT,0.002929,-2.059239028425983,1.004
2026-07-29,BTCUSDT,0.01,-2.224950998035942,0.429
2026-07-29,DOGEUSDT,0.009301,1.208985778147368,1.067
2026-07-29,DOTUSDT,0.004925,4.251066841742319,0.726
2026-07-29,ETCUSDT,0.002973,-6.811645087455953,-0.324
2026-07-29,ETHUSDT,0.005674,-2.347944159179127,1.679
2026-07-29,FILUSDT,-0.0006309999999999999,1.627407035968736,2.177
2026-07-29,ICPUSDT,0.01,1.35780450157553,1.58
2026-07-29,INJUSDT,-0.021505,2.492733025329106,-1.487
2026-07-29,LINKUSDT,0.01,-1.429022262110887,1.159
2026-07-29,LTCUSDT,0.003199,0.5219140925516236,0.587
2026-07-29,NEARUSDT,0.01,1.744763048683979,-1.601
2026-07-29,OPUSDT,0.01,-6.53335458885184,2.87
2026-07-29,SEIUSDT,-0.004947,-2.25565518440577,3.223
2026-07-29,SOLUSDT,0.002933,-3.902737184459611,-0.337
2026-07-29,SUIUSDT,0.001366,0.4523749709054451,1.984
2026-07-29,TIAUSDT,0.005,2.014057659591416,1.199
2026-07-29,TRXUSDT,-0.010114,-3.621870291449531,0.04
2026-07-29,UNIUSDT,0.008828,-3.865308253476744,5.094
2026-07-29,WIFUSDT,0.005,-3.718167176334731,0.339
2026-07-29,XRPUSDT,0.005577,0.1809063030138344,0.563
2026-07-30,AAVEUSDT,-0.010363,2.590491187177669,-4.395
2026-07-30,ADAUSDT,0.006558,-6.364945620216485,0.434
2026-07-30,APTUSDT,-0.013491,3.711063092432586,-3.755
2026-07-30,ARBUSDT,-0.001526,-3.807518177371542,0.089
2026-07-30,ATOMUSDT,-0.015357,-1.26590006862207,-1.613
2026-07-30,AVAXUSDT,-0.000856,-3.550591743018736,-2.015
2026-07-30,BCHUSDT,-0.00207,0.6194677600068854,-1.529
2026-07-30,BNBUSDT,0.006931999999999999,-2.059239028425983,0.295
2026-07-30,BTCUSDT,0.008114,-2.224950998035942,0.297
2026-07-30,DOGEUSDT,-0.00149,1.208985778147368,-0.469
2026-07-30,DOTUSDT,0.004853,4.251066841742319,0.276
2026-07-30,ETCUSDT,-0.005264,1.002990827662179,-1.01
2026-07-30,ETHUSDT,0.003899,-0.9917209110239964,-0.421
2026-07-30,FILUSDT,-0.012674,1.627407035968736,-3.946
2026-07-30,ICPUSDT,-0.014398,1.35780450157553,-2.746
2026-07-30,INJUSDT,-0.009001,0.3598604100766186,-0.498
2026-07-30,LINKUSDT,0.003959,-0.5344213334021324,-1.225
2026-07-30,LTCUSDT,0.0006929999999999999,0.5219140925516236,-1.756
2026-07-30,NEARUSDT,0.003146,-1.019930607560881,-1.824
2026-07-30,OPUSDT,0.00632,3.332555907130705,-0.225
2026-07-30,SEIUSDT,0.003785,-2.25565518440577,-2.837
2026-07-30,SOLUSDT,0.001846,0.2224468746752447,0.014
2026-07-30,SUIUSDT,0.01,0.4523749709054451,-0.969
2026-07-30,TIAUSDT,0.003912,2.014057659591416,-2.379
2026-07-30,TRXUSDT,-0.0087,-1.235626956001057,0.308
2026-07-30,UNIUSDT,0.01,5.10182480986813,2.68
2026-07-30,WIFUSDT,0.003799,0.9504443465836994,-2.441
2026-07-30,XRPUSDT,0.005476,0.1809063030138344,0.61
2026-07-31,AAVEUSDT,0.008614,1.233075790953398,3.788
2026-07-31,ADAUSDT,0.01,5.802358589122199,4.545
2026-07-31,APTUSDT,-0.00726,-2.419140402947523,0.724
2026-07-31,ARBUSDT,-0.007357,-0.5201732245542718,-1.907
2026-07-31,ATOMUSDT,-0.000625,0.1326906947773072,-0.314
2026-07-31,AVAXUSDT,0.000185,-0.3587440757451317,-0.662
2026-07-31,BCHUSDT,0.01,3.522798049713213,1.871
2026-07-31,BNBUSDT,0.006969,4.633563644798663,2.415
2026-07-31,BTCUSDT,0.01,2.153573340772488,0.185
2026-07-31,DOGEUSDT,-0.000273,-0.8572094839602947,-0.554
2026-07-31,DOTUSDT,0.004596,-1.670453171165362,0.34
2026-07-31,ETCUSDT,0.01,0.3166568268085856,-1.347
2026-07-31,ETHUSDT,0.001733,2.091269697418205,-0.339
2026-07-31,FILUSDT,0.01,-3.157800212560945,3.901
2026-07-31,ICPUSDT,0.005363,2.40605558464895,0.048
2026-07-31,INJUSDT,-0.018595,-3.805806886638299,5.628
2026-07-31,LINKUSDT,0.009555000000000001,0.4066944804660588,0.084
2026-07-31,LTCUSDT,0.004099,-1.866066802179273,-0.395
2026-07-31,NEARUSDT,0.01,-5.067493968553523,0.92
2026-07-31,OPUSDT,0.009759,-0.2727611186346511,-2.556
2026-07-31,SEIUSDT,-0.006509999999999999,-2.226514785674741,0.071
2026-07-31,SOLUSDT,0.007177999999999999,-2.321929406857348,0.393
2026-07-31,SUIUSDT,0.004104,0.4633644624266667,0.073
2026-07-31,TIAUSDT,0.001678,0.5490827662386583,0.748
2026-07-31,TRXUSDT,0.002174,-0.6823603791974056,0.78
2026-07-31,UNIUSDT,0.009871,6.812624294060847,8.265
2026-07-31,WIFUSDT,0.005,3.430797983302768,-1.105
2026-07-31,XRPUSDT,0.01,0.5369055831958955,0.325
2026-08-01,AAVEUSDT,-0.011685,1.233075790953398,-6.327
2026-08-01,ADAUSDT,0.01,5.802358589122199,-1.177
2026-08-01,APTUSDT,-0.010334,-2.419140402947523,-2.214
2026-08-01,ARBUSDT,0.007094,-0.5201732245542718,0.554
2026-08-01,ATOMUSDT,-0.00263,0.1326906947773072,-4.45
2026-08-01,AVAXUSDT,0.007341,-0.3587440757451317,-0.93
2026-08-01,BCHUSDT,-0.007810999999999999,3.522798049713213,-3.252
2026-08-01,BNBUSDT,0.001538,4.633563644798663,-0.986
2026-08-01,BTCUSDT,0.004637,2.153573340772488,-2.981
2026-08-01,DOGEUSDT,0.005797,-0.8572094839602947,-1.346
2026-08-01,DOTUSDT,0.003122,-1.670453171165362,-1.378
2026-08-01,ETCUSDT,-0.009626000000000001,0.3166568268085856,-2.598
2026-08-01,ETHUSDT,0.007001,2.091269697418205,-3.206
2026-08-01,FILUSDT,0.01,-3.157800212560945,0.421
2026-08-01,ICPUSDT,0.00068,2.40605558464895,0.145
2026-08-01,INJUSDT,-0.001109,-3.805806886638299,-2.819
2026-08-01,LINKUSDT,-0.0007720000000000001,0.4066944804660588,-3.786
2026-08-01,LTCUSDT,-0.004548,-1.866066802179273,-3.002
2026-08-01,NEARUSDT,0.01,-5.067493968553523,-0.716
2026-08-01,OPUSDT,0.003557,-0.2727611186346511,-3.401
2026-08-01,SEIUSDT,-0.003698,-2.226514785674741,-2.401
2026-08-01,SOLUSDT,0.01,-2.321929406857348,-2.49
2026-08-01,SUIUSDT,-0.000726,0.4633644624266667,-1.627
2026-08-01,TIAUSDT,0.005,0.5490827662386583,-2.384
2026-08-01,TRXUSDT,0.002232,-0.6823603791974056,-0.822
2026-08-01,UNIUSDT,0.001985,6.812624294060847,-1.359
2026-08-01,WIFUSDT,0.005,3.430797983302768,-1.174
2026-08-01,XRPUSDT,0.000572,0.5369055831958955,-2.101
2026-08-02,AAVEUSDT,0.008579999999999999,-1.936364122544653,-3.022
2026-08-02,ADAUSDT,0.01,0.08315144985678909,3.571
2026-08-02,APTUSDT,-0.008341,1.544856846500928,-0.935
2026-08-02,ARBUSDT,0.003301,3.55745261076767,0.947
2026-08-02,ATOMUSDT,-0.005443,0.6248325557540106,0
2026-08-02,AVAXUSDT,-0.021964,-0.1632745488231661,-3.176
2026-08-02,BCHUSDT,-0.00208,-2.382068157551754,-0.873
2026-08-02,BNBUSDT,0.006457,-2.113836230896747,-1.977
2026-08-02,BTCUSDT,0.004752,2.746495888923951,-0.207
2026-08-02,DOGEUSDT,-0.006880000000000001,2.751903113182572,-0.646
2026-08-02,DOTUSDT,0.01,0.1994637484100715,2.701
2026-08-02,ETCUSDT,-0.014292,3.953359183777557,-1.469
2026-08-02,ETHUSDT,0.00241,-0.4568030290720606,-0.997
2026-08-02,FILUSDT,0.001059,-3.896140386610677,-2.208
2026-08-02,ICPUSDT,-0.032451,0.4036784174014008,-2.321
2026-08-02,INJUSDT,-0.003148,-5.48969944876294,0.082
2026-08-02,LINKUSDT,0.003803,-0.9133797193060176,-1.25
2026-08-02,LTCUSDT,-0.001095,-1.603337996472402,-0.136
2026-08-02,NEARUSDT,0.003724,-3.212352015425842,0.48
2026-08-02,OPUSDT,-0.016122,6.438348002386039,-2.814
2026-08-02,SEIUSDT,-0.024444,0.2109225569156599,-1.254
2026-08-02,SOLUSDT,-0.005414,1.916367772943028,-1.331
2026-08-02,SUIUSDT,-0.006316,2.990822629164756,-1.025
2026-08-02,TIAUSDT,-0.004504999999999999,0.6172098773723905,0.313
2026-08-02,TRXUSDT,0.009542,1.347097559105919,0.54
2026-08-02,UNIUSDT,0.01,-2.528663681464671,-6.471
2026-08-02,WIFUSDT,-0.006427,3.791610919620556,-5.304
2026-08-02,XRPUSDT,-0.005242999999999999,-1.608082184653575,-0.245
2026-08-03,AAVEUSDT,-0.006473,-1.366541377791225,0.959
2026-08-03,ADAUSDT,0.01,14.10641399702214,8.683
2026-08-03,APTUSDT,0.002114,-1.315490604174155,1.374
2026-08-03,ARBUSDT,0.001334,-2.053835826144249,3.11
2026-08-03,ATOMUSDT,-0.005424,2.387757471049262,3.513
2026-08-03,AVAXUSDT,0.01,6.75883729683419,5.688
2026-08-03,BCHUSDT,0.008937,1.108853036014599,2.169
2026-08-03,BNBUSDT,0.015597,-0.01378159524455869,1.789
2026-08-03,BTCUSDT,0.01,0.5626164171321002,0.87
2026-08-03,DOGEUSDT,0.01,6.585051289424277,2.11
2026-08-03,DOTUSDT,0.01,-2.327764138570684,1.866
2026-08-03,ETCUSDT,0.005622,2.097780117162168,1.411
2026-08-03,ETHUSDT,0.01,1.073388118998016,1.755
2026-08-03,FILUSDT,0.01,3.373184961838653,2.253
2026-08-03,ICPUSDT,0.006114,-2.034940793079647,2.472
2026-08-03,INJUSDT,0.002874,4.344663369785335,4.067
2026-08-03,LINKUSDT,0.01,0.598921497268735,3.708
2026-08-03,LTCUSDT,0.002161,-0.7847048016321647,1.064
2026-08-03,NEARUSDT,0.01,0.4789632047478998,2.328
2026-08-03,OPUSDT,0.007028,-3.355134349678515,3.976
2026-08-03,SEIUSDT,-0.01181,-1.487393611353185,0.561
2026-08-03,SOLUSDT,0.007776999999999999,-5.332121282855839,2.07
2026-08-03,SUIUSDT,0.007272,0.6382094394888947,1.714
2026-08-03,TIAUSDT,0.003476,-1.403244743581826,2.431
2026-08-03,TRXUSDT,-0.017887,-1.624090016402586,-0.64
2026-08-03,UNIUSDT,0.007472,0.03281458047293754,1.2
2026-08-03,WIFUSDT,-0.005363,1.813833996440345,2.139
2026-08-03,XRPUSDT,0.007919,0.1189163035930634,2.243
2026-08-04,AAVEUSDT,0.00007999999999999999,0,0.271
2026-08-04,ADAUSDT,0.01,0,2.109
2026-08-04,APTUSDT,0.01,0,2.257
2026-08-04,ARBUSDT,0.01,0,1.312
2026-08-04,ATOMUSDT,0.007352,0,7.832
2026-08-04,AVAXUSDT,0.01,0,0.367
2026-08-04,BCHUSDT,0.01,0,0.245
2026-08-04,BNBUSDT,0.011987,0,0.163
2026-08-04,BTCUSDT,0.003081,0.5626164171321002,-0.074
2026-08-04,DOGEUSDT,0.01,0,-0.819
2026-08-04,DOTUSDT,0.01,0,3.27
2026-08-04,ETCUSDT,0.01,0,-0.438
2026-08-04,ETHUSDT,0.005396,1.073388118998016,-1.288
2026-08-04,FILUSDT,0.01,0,0.724
2026-08-04,ICPUSDT,0.01,0,1.928
2026-08-04,INJUSDT,-0.000168,0,-2.288
2026-08-04,LINKUSDT,0.01,0,-2.281
2026-08-04,LTCUSDT,0.002801,0,-0.874
2026-08-04,NEARUSDT,0.01,0,1.107
2026-08-04,OPUSDT,0.006623,0,1.848
2026-08-04,SEIUSDT,0.001224,0,0.557
2026-08-04,SOLUSDT,0.01,0,-0.068
2026-08-04,SUIUSDT,0.01,0,0.189
2026-08-04,TIAUSDT,0.005,0,3.19
2026-08-04,TRXUSDT,0.01,0,0.658
2026-08-04,UNIUSDT,-0.012306,0,-6.263
2026-08-04,WIFUSDT,0.005,0,0.933
2026-08-04,XRPUSDT,0.007174,0,-0.967
2026-08-05,AAVEUSDT,-0.006758999999999999,0,-2.143
2026-08-05,ADAUSDT,0.01,0,-0.516
2026-08-05,APTUSDT,0.01,0,0.33
2026-08-05,ARBUSDT,0.01,0,-1.004
2026-08-05,ATOMUSDT,0.01,0,0.955
2026-08-05,AVAXUSDT,0.01,0,1.719
2026-08-05,BCHUSDT,0.01,0,0.033
2026-08-05,BNBUSDT,0.000817,0,0.644
2026-08-05,BTCUSDT,0.001674,-0.5228140658224136,0.917
2026-08-05,DOGEUSDT,0.01,0,-0.228
2026-08-05,DOTUSDT,0.01,0,3.919
2026-08-05,ETCUSDT,0.01,0,-0.303
2026-08-05,ETHUSDT,0.003467,1.345032063087052,0.504
2026-08-05,FILUSDT,0.009335000000000001,0,-0.719
2026-08-05,ICPUSDT,0.01,0,-1.183
2026-08-05,INJUSDT,0.006235,0,-1.413
2026-08-05,LINKUSDT,0.01,0,-0.477
2026-08-05,LTCUSDT,-0.008127,0,1.265
2026-08-05,NEARUSDT,0.01,0,-0.403
2026-08-05,OPUSDT,0.01,0,0.68
2026-08-05,SEIUSDT,-0.00413,0,0
2026-08-05,SOLUSDT,0.006418,0,0.258
2026-08-05,SUIUSDT,0.008967,0,0.26
2026-08-05,TIAUSDT,0.005,0,-0.941
2026-08-05,TRXUSDT,-0.015242,0,-0.502
2026-08-05,UNIUSDT,0.00429,0,-1.358
2026-08-05,WIFUSDT,0.005,0,-0.427
2026-08-05,XRPUSDT,-0.0009029999999999999,0,-0.195
2026-08-06,AAVEUSDT,-0.003169,8.020775750652259,-0.531
2026-08-06,ADAUSDT,0.01,-5.92186059810891,-0.052
2026-08-06,APTUSDT,0.01,-5.069824357900949,2.001
2026-08-06,ARBUSDT,0.001356,0.6712258764003168,-1.926
2026-08-06,ATOMUSDT,0.003259,-3.755781903207431,-1.383
2026-08-06,AVAXUSDT,0.01,7.36526306922997,-0.464
2026-08-06,BCHUSDT,0.006177999999999999,-0.7689713079174542,0.407
2026-08-06,BNBUSDT,0,-0.6622745425990204,0.071
2026-08-06,BTCUSDT,0.006442,-0.3043386903518828,0.751
2026-08-06,DOGEUSDT,0.009683,0.1713729095279179,-0.299
2026-08-06,DOTUSDT,0.003245,-0.501440671550039,-1.988
2026-08-06,ETCUSDT,-0.006326,2.121347899288491,-1.048
2026-08-06,ETHUSDT,0.002071,0.08193307457583461,2.079
2026-08-06,FILUSDT,0.01,-0.1597487214012641,0.069
2026-08-06,ICPUSDT,0.008237999999999999,-1.15212784054837,-0.619
2026-08-06,INJUSDT,0.000817,-2.805640536919016,-0.878
2026-08-06,LINKUSDT,0.004529,1.970255627608947,-0.086
2026-08-06,LTCUSDT,0.003254,-2.808589335800317,0.711
2026-08-06,NEARUSDT,0.01,-1.565677410295304,-1.908
2026-08-06,OPUSDT,0.01,-0.7533760366785323,-1.459
2026-08-06,SEIUSDT,-0.019122,-2.725078379784872,-0.217
2026-08-06,SOLUSDT,0.001053,1.308869253033751,0.122
2026-08-06,SUIUSDT,-0.004953,1.296465598120736,-0.576
2026-08-06,TIAUSDT,0.005,-3.743453450029984,-1.211
2026-08-06,TRXUSDT,-0.010748,-1.071556504122855,-0.003
2026-08-06,UNIUSDT,0.006692,2.353821882884664,4.796
2026-08-06,WIFUSDT,0.005,-3.851203609241667,-0.213
2026-08-06,XRPUSDT,0.00317,1.633564819901979,-1.274
2026-08-07,AAVEUSDT,0.006972000000000001,0.3211731585421067,-0.845
2026-08-07,ADAUSDT,0.004571,-4.474410466269971,3.95
2026-08-07,APTUSDT,0.004789,-4.253999147628324,-0.507
2026-08-07,ARBUSDT,0.003226,-1.071720326129423,-2.759
2026-08-07,ATOMUSDT,-0.004654,-2.666635013428011,-0.222
2026-08-07,AVAXUSDT,-0.001687,-5.516676437982536,-3.665
2026-08-07,BCHUSDT,-0.003342,-2.78037082194797,-0.993
2026-08-07,BNBUSDT,0,0.001878104366206554,-0.432
2026-08-07,BTCUSDT,0.000379,-1.035632476485341,-0.735
2026-08-07,DOGEUSDT,-0.001768,-0.4688151122665543,-1.643
2026-08-07,DOTUSDT,0.00704,0.01072731224968697,-2.682
2026-08-07,ETCUSDT,-0.007102,9.881636970160955,-0.583
2026-08-07,ETHUSDT,-0.001348,-0.7344143416393104,-0.502
2026-08-07,FILUSDT,0.003101,-0.704468824823929,-2.622
2026-08-07,ICPUSDT,0.004286,1.369485540274465,-0.048
2026-08-07,INJUSDT,-0.0446,-0.1781151205174286,-5.974
2026-08-07,LINKUSDT,0.003338,-0.5326792616665377,0.11
2026-08-07,LTCUSDT,0.003338,0.3613248823907904,0.11
2026-08-07,NEARUSDT,0.01,-0.6428388449093903,-2.591
2026-08-07,OPUSDT,0.01,0.5195887200922912,-2.162
2026-08-07,SEIUSDT,0.00152,0.445504833904374,-0.844
2026-08-07,SOLUSDT,-0.001493,2.374439197082375,-2.203
2026-08-07,SUIUSDT,-0.013542,-1.38159986907675,-2.781
2026-08-07,TIAUSDT,0.005,0.398391538384674,0.06
2026-08-07,TRXUSDT,-0.012196,-3.05816935558719,-0.055
2026-08-07,UNIUSDT,0.007287,1.075639127283292,-0.939
2026-08-07,WIFUSDT,0.005,1.357079451032129,-0.641
2026-08-07,XRPUSDT,-0.011231,2.692847206281305,-2.787
2026-08-08,AAVEUSDT,0.003158,0.2585208796392292,0.212
2026-08-08,ADAUSDT,0.004323,-1.840707406142649,-0.1
2026-08-08,APTUSDT,0.01,-0.4192690409103602,-1.912
2026-08-08,ARBUSDT,-0.003714,1.641384970644501,1.047
2026-08-08,ATOMUSDT,0.01,-6.516202949467645,0.814
2026-08-08,AVAXUSDT,0.000102,-5.395386877767408,-0.093
2026-08-08,BCHUSDT,0.002311,-0.4769976434195553,0.927
2026-08-08,BNBUSDT,0.002913,0.4637376891598781,0.064
2026-08-08,BTCUSDT,0.005556999999999999,-1.24859446117239,0.942
2026-08-08,DOGEUSDT,0.004985,-1.842075697308734,0.796
2026-08-08,DOTUSDT,0.01,1.688607682839081,-0.305
2026-08-08,ETCUSDT,0.000459,-6.034897226010083,-0.2
2026-08-08,ETHUSDT,0.000034,-1.137234563678438,0.524
2026-08-08,FILUSDT,-0.014498,3.816751309072122,-2.844
2026-08-08,ICPUSDT,0.00575,1.341648927727874,0.287
2026-08-08,INJUSDT,0.003297,2.977555814347925,-1.421
2026-08-08,LINKUSDT,0.004138,1.245942785279849,-0.073
2026-08-08,LTCUSDT,0.000428,-2.322674119369015,0.22
2026-08-08,NEARUSDT,-0.023117,3.140654999200729,-3.925
2026-08-08,OPUSDT,-0.003803,-0.03488662490590722,0
2026-08-08,SEIUSDT,-0.030747,4.947565252909706,-1.116
2026-08-08,SOLUSDT,0.008378,-0.2075320656712854,1.363
2026-08-08,SUIUSDT,-0.00833,7.10859101418256,-0.045
2026-08-08,TIAUSDT,0.004369,-0.0893030310458254,-3.15
2026-08-08,TRXUSDT,-0.0005200000000000001,1.862160802503924,0.162
2026-08-08,UNIUSDT,0.002193,2.229002760252475,-0.798
2026-08-08,WIFUSDT,-0.008551,-1.612319716056471,-1.858
2026-08-08,XRPUSDT,0.001429,10.67709987464429,-1.344
2026-08-09,AAVEUSDT,0.007522,-3.953319982913086,1.689
2026-08-09,ADAUSDT,0.003174,-1.840707406142649,-0.697
2026-08-09,APTUSDT,0.006237,4.489991565666239,3.954
2026-08-09,ARBUSDT,-0.007461000000000001,1.265560276552511,-1.038
2026-08-09,ATOMUSDT,0.01,0.7016035578519337,2.059
2026-08-09,AVAXUSDT,0.008355,-0.8938647172182722,0.825
2026-08-09,BCHUSDT,-0.00036,1.452885161963404,0.531
2026-08-09,BNBUSDT,0.0041,-1.870473498655598,1.486
2026-08-09,BTCUSDT,0.004613,1.122353933830745,0.118
2026-08-09,DOGEUSDT,0.01,-1.842075697308734,1.12
2026-08-09,DOTUSDT,-0.000897,0.2628935477423073,-0.257
2026-08-09,ETCUSDT,0.01,-3.952454433705588,0.664
2026-08-09,ETHUSDT,0.003206,-0.4675842188365512,0.144
2026-08-09,FILUSDT,0.01,6.658715193667232,3.906
2026-08-09,ICPUSDT,0.01,0.9430100001699396,5.055
2026-08-09,INJUSDT,-0.013627,2.977555814347925,-2.178
2026-08-09,LINKUSDT,0.005691,1.245942785279849,1.54
2026-08-09,LTCUSDT,0.007032,1.689400544982283,0.944
2026-08-09,NEARUSDT,0.01,6.496084178005554,1.447
2026-08-09,OPUSDT,0.01,1.569490044103284,2.904
2026-08-09,SEIUSDT,-0.006124,4.947565252909706,1.915
2026-08-09,SOLUSDT,0.01,-2.816465452535089,3.244
2026-08-09,SUIUSDT,0.01,1.306603583516411,2.677
2026-08-09,TIAUSDT,-0.000977,0.8404398520870625,0.368
2026-08-09,TRXUSDT,-0.003565,-0.6340759641338773,0.443
2026-08-09,UNIUSDT,0.01,-0.5545921582495745,0.679
2026-08-09,WIFUSDT,0.005,3.597444491084101,2.973
2026-08-09,XRPUSDT,0.01,0.5788786095277012,1.564
2026-08-10,AAVEUSDT,0.000742,-3.366728045546537,-0.855
2026-08-10,ADAUSDT,0.01,-3.574219968429917,-2.957
2026-08-10,APTUSDT,-0.0002,-5.022939529385331,-2.748
2026-08-10,ARBUSDT,0.01,-0.8439102251322661,-0.678
2026-08-10,ATOMUSDT,0.001632,0.4181811052886292,-0.724
2026-08-10,AVAXUSDT,0.01,-1.06061903505674,-1.174
2026-08-10,BCHUSDT,-0.003701,-1.01525848101647,-0.713
2026-08-10,BNBUSDT,0.011836,3.673145631157191,0.289
2026-08-10,BTCUSDT,0.007496999999999999,0.2377578608975053,-0.147
2026-08-10,DOGEUSDT,0.01,0.3449902164449464,-1.833
2026-08-10,DOTUSDT,-0.00205,3.069026409844658,-2.186
2026-08-10,ETCUSDT,-0.009569,-0.08526463287790213,-1.491
2026-08-10,ETHUSDT,0.004828,-0.5373526688578303,-0.395
2026-08-10,FILUSDT,0.01,-3.255097104765338,-1.577
2026-08-10,ICPUSDT,-0.002763,-0.0742087839937067,-1.002
2026-08-10,INJUSDT,-0.010876,7.434671030825466,-2.77
2026-08-10,LINKUSDT,0.005496,-0.7268559960476956,-1.505
2026-08-10,LTCUSDT,0.01,-1.292661166740914,-1.305
2026-08-10,NEARUSDT,0.01,0.3534096487742647,-0.869
2026-08-10,OPUSDT,0.01,-1.513458503338247,-0.903
2026-08-10,SEIUSDT,0.008514,3.617527663282277,-0.675
2026-08-10,SOLUSDT,0.01,7.236792316502706,0.342
2026-08-10,SUIUSDT,0.009598,-0.9802390835082744,-1.041
2026-08-10,TIAUSDT,0.00281,-1.040109984652714,-2.53
2026-08-10,TRXUSDT,0.000358,-0.4998873962343602,0.231
2026-08-10,UNIUSDT,0.01,1.318965051414888,-0.35
2026-08-10,WIFUSDT,0.005,-1.226561461388493,-0.352
2026-08-10,XRPUSDT,0.009516,-0.7971850003857133,-1.049
2026-08-11,AAVEUSDT,0.007559999999999999,-0.9221726385059087,-1.569
2026-08-11,ADAUSDT,0.01,-4.375497773885809,-1.387
2026-08-11,APTUSDT,0.003387,-5.022939529385331,-0.356
2026-08-11,ARBUSDT,0.01,4.031920663586371,2.618
2026-08-11,ATOMUSDT,0.000385,0.4181811052886292,2.188
2026-08-11,AVAXUSDT,0.005425,-1.06061903505674,0.312
2026-08-11,BCHUSDT,-0.003859,-1.01525848101647,-0.703
2026-08-11,BNBUSDT,0.008123,0.6462178438140924,-0.627
2026-08-11,BTCUSDT,0.002571,-0.1646057278114645,-1.455
2026-08-11,DOGEUSDT,0.01,-0.5324552830062603,0.577
2026-08-11,DOTUSDT,0.01,3.069026409844658,1.002
2026-08-11,ETCUSDT,0.006109,3.148114647093883,-0.405
2026-08-11,ETHUSDT,0.000969,-0.5373526688578303,-2.056
2026-08-11,FILUSDT,0.01,-3.255097104765338,0.071
2026-08-11,ICPUSDT,0.009837,-2.358821541698535,5.115
2026-08-11,INJUSDT,0.007174,2.268041095666041,2.166
2026-08-11,LINKUSDT,0.01,-0.7885575278338741,1.294
2026-08-11,LTCUSDT,0.002471,-1.292661166740914,-0.726
2026-08-11,NEARUSDT,0.01,0.3534096487742647,0.376
2026-08-11,OPUSDT,0.01,-4.500382807680826,3.868
2026-08-11,SEIUSDT,-0.008041,3.617527663282277,-0.776
2026-08-11,SOLUSDT,0.01,0.941848295464073,-0.341
2026-08-11,SUIUSDT,0.006287,-0.9802390835082744,-0.262
2026-08-11,TIAUSDT,0.003087,-1.040109984652714,0.686
2026-08-11,TRXUSDT,-0.0009789999999999998,-0.4998873962343602,0.285
2026-08-11,UNIUSDT,0.01,1.628272056440219,-1.352
2026-08-11,WIFUSDT,0.005,-1.226561461388493,-0.845
2026-08-11,XRPUSDT,-0.002245,-0.7971850003857133,-1.69
