date,asset,ticker,issuer,net_inflow_usd,net_assets_usd,cum_inflow_usd,fee_pct,source
2026-08-31,BTC,ARKB,Ark & 21Shares,0,2684241191,1318988550,0.21,bykaranteli.com
2026-08-31,BTC,BITB,Bitwise,4290077,2980745639,2079026833,0.2,bykaranteli.com
2026-08-31,BTC,BRRR,Valkyrie,0,453298807,299315125,0.25,bykaranteli.com
2026-08-31,BTC,BTC,Grayscale,9416466,4882261847,2866712949,0.15,bykaranteli.com
2026-08-31,BTC,BTCO,Invesco,0,407250965,148146349,0.25,bykaranteli.com
2026-08-31,BTC,BTCW,WisdomTree,0,171212607,87834149,0.25,bykaranteli.com
2026-08-31,ETH,ETH,Grayscale,13503699,2221021841,1924433933,0.15,bykaranteli.com
2026-08-31,ETH,ETHA,BlackRock,59935734,8685437111,12796893334,0.25,bykaranteli.com
2026-08-31,ETH,ETHB,BlackRock,0,906535795,693622462,0.25,bykaranteli.com
2026-08-31,ETH,ETHE,Grayscale,0,1889917213,-5347027770,2.5,bykaranteli.com
2026-08-31,ETH,ETHV,VanEck,0,126974715,168860821,0.2,bykaranteli.com
2026-08-31,ETH,ETHW,Bitwise,3728607,278225081,397753755,0.2,bykaranteli.com
2026-08-31,BTC,EZBC,Franklin,0,433874491,315666399,0.19,bykaranteli.com
2026-08-31,ETH,EZET,Franklin,0,52671108,67645568,0.19,bykaranteli.com
2026-08-31,BTC,FBTC,Fidelity,6878784,13873027619,10244555645,0,bykaranteli.com
2026-08-31,ETH,FETH,Fidelity,9273207,1363161484,2281198494,0.25,bykaranteli.com
2026-08-31,BTC,GBTC,Grayscale,0,10293868735,-27605306629,1.5,bykaranteli.com
2026-08-31,BTC,HODL,VanEck,-13413366,1199937367,1048903455,0.25,bykaranteli.com
2026-08-31,BTC,IBIT,BlackRock,205905200,61640854960,63570901064,0.25,bykaranteli.com
2026-08-31,BTC,MSBT,Morgan Stanley,3624892,589951121,493973695,0.14,bykaranteli.com
2026-08-31,ETH,MSSE,Morgan Stanley,0,43248758,34790816,0.14,bykaranteli.com
2026-08-31,ETH,QETH,Invesco,0,22535235,23241706,0.25,bykaranteli.com
2026-08-31,ETH,TETH,21Shares,1238635,24029521,20775938,0.21,bykaranteli.com
2026-08-28,BTC,ARKB,Ark & 21Shares,-114889656,2635000054,1318988550,0.21,bykaranteli.com
2026-08-28,BTC,BITB,Bitwise,-49693561,2921812914,2074736756,0.2,bykaranteli.com
2026-08-28,BTC,BRRR,Valkyrie,0,446077401,299315125,0.25,bykaranteli.com
2026-08-28,BTC,BTC,Grayscale,0,4790634157,2857296483,0.15,bykaranteli.com
2026-08-28,BTC,BTCO,Invesco,0,400373608,148146349,0.25,bykaranteli.com
2026-08-28,BTC,BTCW,WisdomTree,0,168071819,87834149,0.25,bykaranteli.com
2026-08-28,ETH,ETH,Grayscale,0,2166276324,1910930234,0.15,bykaranteli.com
2026-08-28,ETH,ETHA,BlackRock,83791459,8462202366,12736957600,0.25,bykaranteli.com
2026-08-28,ETH,ETHB,BlackRock,42644119,889255309,693622462,0.25,bykaranteli.com
2026-08-28,ETH,ETHE,Grayscale,0,1854972527,-5347027770,2.5,bykaranteli.com
2026-08-28,ETH,ETHV,VanEck,0,124560975,168860821,0.2,bykaranteli.com
2026-08-28,ETH,ETHW,Bitwise,0,269295792,394025148,0.2,bykaranteli.com
2026-08-28,BTC,EZBC,Franklin,0,425913586,315666399,0.19,bykaranteli.com
2026-08-28,ETH,EZET,Franklin,0,51673714,67645568,0.19,bykaranteli.com
2026-08-28,BTC,FBTC,Fidelity,0,13609230006,10237676861,0,bykaranteli.com
2026-08-28,ETH,FETH,Fidelity,-24257267,1328085368,2271925287,0.25,bykaranteli.com
2026-08-28,BTC,GBTC,Grayscale,0,10121319223,-27605306629,1.5,bykaranteli.com
2026-08-28,BTC,HODL,VanEck,-13166718,1191039366,1062316821,0.25,bykaranteli.com
2026-08-28,BTC,IBIT,BlackRock,-33395160,60308143680,63364995864,0.25,bykaranteli.com
2026-08-28,BTC,MSBT,Morgan Stanley,9338535,575431655,490348803,0.14,bykaranteli.com
2026-08-28,ETH,MSSE,Morgan Stanley,0,42415060,34790816,0.14,bykaranteli.com
2026-08-28,ETH,QETH,Invesco,0,22117829,23241706,0.25,bykaranteli.com
2026-08-28,ETH,TETH,21Shares,0,22359899,19537303,0.21,bykaranteli.com
2026-08-27,BTC,ARKB,Ark & 21Shares,29748441,2838585612,1433878206,0.21,bykaranteli.com
2026-08-27,BTC,BITB,Bitwise,21737438,3067587251,2124430317,0.2,bykaranteli.com
2026-08-27,BTC,BRRR,Valkyrie,0,460494626,299315125,0.25,bykaranteli.com
2026-08-27,BTC,BTC,Grayscale,11660220,4936865067,2857296483,0.15,bykaranteli.com
2026-08-27,BTC,BTCO,Invesco,0,412509795,148146349,0.25,bykaranteli.com
2026-08-27,BTC,BTCW,WisdomTree,0,173504829,87834149,0.25,bykaranteli.com
2026-08-27,ETH,ETH,Grayscale,14309220,2222240706,1910930234,0.15,bykaranteli.com
2026-08-27,ETH,ETHA,BlackRock,130220044,8630106299,12653166141,0.25,bykaranteli.com
2026-08-27,ETH,ETHB,BlackRock,20669706,872003205,650978343,0.25,bykaranteli.com
2026-08-27,ETH,ETHE,Grayscale,3017535,1903028565,-5347027770,2.5,bykaranteli.com
2026-08-27,ETH,ETHV,VanEck,0,128324910,168860821,0.2,bykaranteli.com
2026-08-27,ETH,ETHW,Bitwise,1435385,277388205,394025148,0.2,bykaranteli.com
2026-08-27,BTC,EZBC,Franklin,0,439680178,315666399,0.19,bykaranteli.com
2026-08-27,ETH,EZET,Franklin,0,53225925,67645568,0.19,bykaranteli.com
2026-08-27,BTC,FBTC,Fidelity,-83627975,14048000038,10237676861,0,bykaranteli.com
2026-08-27,ETH,FETH,Fidelity,56233672,1393345422,2296182554,0.25,bykaranteli.com
2026-08-27,BTC,GBTC,Grayscale,-27209908,10430677053,-27605306629,1.5,bykaranteli.com
2026-08-27,BTC,HODL,VanEck,5663748,1243192576,1075483539,0.25,bykaranteli.com
2026-08-27,BTC,IBIT,BlackRock,277609320,62291539640,63398391024,0.25,bykaranteli.com
2026-08-27,BTC,MSBT,Morgan Stanley,6656930,584432518,481010268,0.14,bykaranteli.com
2026-08-27,ETH,MSSE,Morgan Stanley,8629248,43685566,34790816,0.14,bykaranteli.com
2026-08-27,ETH,QETH,Invesco,0,22685696,23241706,0.25,bykaranteli.com
2026-08-27,ETH,TETH,21Shares,0,23031620,19537303,0.21,bykaranteli.com
2026-08-26,BTC,ARKB,Ark & 21Shares,0,2750352239,1404129765,0.21,bykaranteli.com
2026-08-26,BTC,BITB,Bitwise,5959499,2982303431,2102692879,0.2,bykaranteli.com
2026-08-26,BTC,BRRR,Valkyrie,0,450888581,299315125,0.25,bykaranteli.com
2026-08-26,BTC,BTC,Grayscale,46829475,4835228627,2845636263,0.15,bykaranteli.com
2026-08-26,BTC,BTCO,Invesco,0,405103711,148146349,0.25,bykaranteli.com
2026-08-26,BTC,BTCW,WisdomTree,0,169885038,87834149,0.25,bykaranteli.com
2026-08-26,ETH,ETH,Grayscale,34665540,2183240190,1896621014,0.15,bykaranteli.com
2026-08-26,ETH,ETHA,BlackRock,115661614,8377631859,12522946097,0.25,bykaranteli.com
2026-08-26,ETH,ETHB,BlackRock,6366094,839051136,630308637,0.25,bykaranteli.com
2026-08-26,ETH,ETHE,Grayscale,0,1878901790,-5350045305,2.5,bykaranteli.com
2026-08-26,ETH,ETHV,VanEck,0,126472360,168860821,0.2,bykaranteli.com
2026-08-26,ETH,ETHW,Bitwise,0,271983519,392589763,0.2,bykaranteli.com
2026-08-26,BTC,EZBC,Franklin,0,430506874,315666399,0.19,bykaranteli.com
2026-08-26,ETH,EZET,Franklin,936791,52460304,67645568,0.19,bykaranteli.com
2026-08-26,BTC,FBTC,Fidelity,25593732,13839621324,10321304836,0,bykaranteli.com
2026-08-26,ETH,FETH,Fidelity,32009536,1317315520,2239948882,0.25,bykaranteli.com
2026-08-26,BTC,GBTC,Grayscale,-50391873,10267198412,-27578096721,1.5,bykaranteli.com
2026-08-26,BTC,HODL,VanEck,0,1211719609,1069819792,0.25,bykaranteli.com
2026-08-26,BTC,IBIT,BlackRock,200755800,60720634800,63120781704,0.25,bykaranteli.com
2026-08-26,BTC,MSBT,Morgan Stanley,3371762,565781706,474353338,0.14,bykaranteli.com
2026-08-26,ETH,MSSE,Morgan Stanley,0,34580950,26161569,0.14,bykaranteli.com
2026-08-26,ETH,QETH,Invesco,0,22436097,23241706,0.25,bykaranteli.com
2026-08-26,ETH,TETH,21Shares,2714185,22700459,19537303,0.21,bykaranteli.com
2026-08-25,BTC,ARKB,Ark & 21Shares,0,2769221212,1404129765,0.21,bykaranteli.com
2026-08-25,BTC,BITB,Bitwise,3000193,2996764488,2096733380,0.2,bykaranteli.com
2026-08-25,BTC,BRRR,Valkyrie,0,453982503,299315125,0.25,bykaranteli.com
2026-08-25,BTC,BTC,Grayscale,6978820,4816780168,2798806788,0.15,bykaranteli.com
2026-08-25,BTC,BTCO,Invesco,0,407449062,148146349,0.25,bykaranteli.com
2026-08-25,BTC,BTCW,WisdomTree,0,171050891,87834149,0.25,bykaranteli.com
2026-08-25,ETH,ETH,Grayscale,0,2142351783,1861955474,0.15,bykaranteli.com
2026-08-25,ETH,ETHA,BlackRock,146441353,8230450033,12407284483,0.25,bykaranteli.com
2026-08-25,ETH,ETHB,BlackRock,7609795,829467624,623942543,0.25,bykaranteli.com
2026-08-25,ETH,ETHE,Grayscale,0,1873584339,-5350045305,2.5,bykaranteli.com
2026-08-25,ETH,ETHV,VanEck,0,125982675,168860821,0.2,bykaranteli.com
2026-08-25,ETH,ETHW,Bitwise,0,270945553,392589763,0.2,bykaranteli.com
2026-08-25,BTC,EZBC,Franklin,0,433460452,315666399,0.19,bykaranteli.com
2026-08-25,ETH,EZET,Franklin,0,51326872,66708777,0.19,bykaranteli.com
2026-08-25,BTC,FBTC,Fidelity,15446940,13895619673,10295711104,0,bykaranteli.com
2026-08-25,ETH,FETH,Fidelity,25752258,1280255112,2207939346,0.25,bykaranteli.com
2026-08-25,BTC,GBTC,Grayscale,0,10379125596,-27527704848,1.5,bykaranteli.com
2026-08-25,BTC,HODL,VanEck,0,1220081604,1069819792,0.25,bykaranteli.com
2026-08-25,BTC,IBIT,BlackRock,284419200,60935472000,62920025904,0.25,bykaranteli.com
2026-08-25,BTC,MSBT,Morgan Stanley,4524506,566015651,470981576,0.14,bykaranteli.com
2026-08-25,ETH,MSSE,Morgan Stanley,0,34416151,26161569,0.14,bykaranteli.com
2026-08-25,ETH,QETH,Invesco,0,22372949,23241706,0.25,bykaranteli.com
2026-08-25,ETH,TETH,21Shares,0,19909680,16823118,0.21,bykaranteli.com
2026-08-24,BTC,ARKB,Ark & 21Shares,0,2764455694,1404129765,0.21,bykaranteli.com
2026-08-24,BTC,BITB,Bitwise,2995028,2988610552,2093733187,0.2,bykaranteli.com
2026-08-24,BTC,BRRR,Valkyrie,0,453201374,299315125,0.25,bykaranteli.com
2026-08-24,BTC,BTC,Grayscale,16361217,4798360632,2791827968,0.15,bykaranteli.com
2026-08-24,BTC,BTCO,Invesco,0,406509957,148146349,0.25,bykaranteli.com
2026-08-24,BTC,BTCW,WisdomTree,0,170756650,87834149,0.25,bykaranteli.com
2026-08-24,ETH,ETH,Grayscale,12496499,2148237540,1861955474,0.15,bykaranteli.com
2026-08-24,ETH,ETHA,BlackRock,90916245,8104214430,12260843130,0.25,bykaranteli.com
2026-08-24,ETH,ETHB,BlackRock,0,823872591,616332749,0.25,bykaranteli.com
2026-08-24,ETH,ETHE,Grayscale,0,1878892345,-5350045305,2.5,bykaranteli.com
2026-08-24,ETH,ETHV,VanEck,4510541,126295155,168860821,0.2,bykaranteli.com
2026-08-24,ETH,ETHW,Bitwise,883038,271622412,392589763,0.2,bykaranteli.com
2026-08-24,BTC,EZBC,Franklin,0,432714132,315666399,0.19,bykaranteli.com
2026-08-24,ETH,EZET,Franklin,0,51455077,66708777,0.19,bykaranteli.com
2026-08-24,BTC,FBTC,Fidelity,104571676,13863700040,10280264164,0,bykaranteli.com
2026-08-24,ETH,FETH,Fidelity,6762672,1257856913,2182187088,0.25,bykaranteli.com
2026-08-24,BTC,GBTC,Grayscale,0,10354824161,-27527704848,1.5,bykaranteli.com
2026-08-24,BTC,HODL,VanEck,3344114,1217814666,1069819792,0.25,bykaranteli.com
2026-08-24,BTC,IBIT,BlackRock,208929240,60546622320,62635606704,0.25,bykaranteli.com
2026-08-24,BTC,MSBT,Morgan Stanley,1355403,560685215,466457070,0.14,bykaranteli.com
2026-08-24,ETH,MSSE,Morgan Stanley,0,34514789,26161569,0.14,bykaranteli.com
2026-08-24,ETH,QETH,Invesco,0,22438674,23241706,0.25,bykaranteli.com
2026-08-24,ETH,TETH,21Shares,0,19958533,16823118,0.21,bykaranteli.com
2026-08-21,BTC,ARKB,Ark & 21Shares,3068149,2703806271,1404129765,0.21,bykaranteli.com
2026-08-21,BTC,BITB,Bitwise,9206411,2920106199,2090738158,0.2,bykaranteli.com
2026-08-21,BTC,BRRR,Valkyrie,0,443264930,299315125,0.25,bykaranteli.com
2026-08-21,BTC,BTC,Grayscale,13617360,4676540496,2775466751,0.15,bykaranteli.com
2026-08-21,BTC,BTCO,Invesco,0,397521962,148146349,0.25,bykaranteli.com
2026-08-21,BTC,BTCW,WisdomTree,0,167012346,87834149,0.25,bykaranteli.com
2026-08-21,ETH,ETH,Grayscale,11513200,2085749503,1849458975,0.15,bykaranteli.com
2026-08-21,ETH,ETHA,BlackRock,150830500,7835170869,12169926886,0.25,bykaranteli.com
2026-08-21,ETH,ETHB,BlackRock,9943762,805444741,616332749,0.25,bykaranteli.com
2026-08-21,ETH,ETHE,Grayscale,0,1835285473,-5350045305,2.5,bykaranteli.com
2026-08-21,ETH,ETHV,VanEck,0,119066051,164350280,0.2,bykaranteli.com
2026-08-21,ETH,ETHW,Bitwise,2244831,264717367,391706725,0.2,bykaranteli.com
2026-08-21,BTC,EZBC,Franklin,0,423223927,315666399,0.19,bykaranteli.com
2026-08-21,ETH,EZET,Franklin,0,50311082,66708777,0.19,bykaranteli.com
2026-08-21,BTC,FBTC,Fidelity,30188532,13460964315,10175692488,0,bykaranteli.com
2026-08-21,ETH,FETH,Fidelity,9621197,1223696019,2175424416,0.25,bykaranteli.com
2026-08-21,BTC,GBTC,Grayscale,0,10127597254,-27527704848,1.5,bykaranteli.com
2026-08-21,BTC,HODL,VanEck,4360876,1187793601,1066475678,0.25,bykaranteli.com
2026-08-21,BTC,IBIT,BlackRock,239278720,59014515840,62426677464,0.25,bykaranteli.com
2026-08-21,BTC,MSBT,Morgan Stanley,7733258,547072794,465101667,0.14,bykaranteli.com
2026-08-21,ETH,MSSE,Morgan Stanley,778718,33744456,26161569,0.14,bykaranteli.com
2026-08-21,ETH,QETH,Invesco,0,21916640,23241706,0.25,bykaranteli.com
2026-08-21,ETH,TETH,21Shares,0,19514202,16823118,0.21,bykaranteli.com
2026-08-20,BTC,ARKB,Ark & 21Shares,12152095,2541833315,1401061616,0.21,bykaranteli.com
2026-08-20,BTC,BITB,Bitwise,26387859,2739611140,2081531747,0.2,bykaranteli.com
2026-08-20,BTC,BRRR,Valkyrie,0,417179725,299315125,0.25,bykaranteli.com
2026-08-20,BTC,BTC,Grayscale,0,4398680689,2761849391,0.15,bykaranteli.com
2026-08-20,BTC,BTCO,Invesco,3614116,375145199,148146349,0.25,bykaranteli.com
2026-08-20,BTC,BTCW,WisdomTree,0,157182848,87834149,0.25,bykaranteli.com
2026-08-20,ETH,ETH,Grayscale,0,1996406500,1837945775,0.15,bykaranteli.com
2026-08-20,ETH,ETHA,BlackRock,173301760,7399353702,12019096385,0.25,bykaranteli.com
2026-08-20,ETH,ETHB,BlackRock,35904494,765962547,606388986,0.25,bykaranteli.com
2026-08-20,ETH,ETHE,Grayscale,0,1766555299,-5350045305,2.5,bykaranteli.com
2026-08-20,ETH,ETHV,VanEck,1698822,114670451,164350280,0.2,bykaranteli.com
2026-08-20,ETH,ETHW,Bitwise,2826708,252740994,389461894,0.2,bykaranteli.com
2026-08-20,BTC,EZBC,Franklin,0,398315202,315666399,0.19,bykaranteli.com
2026-08-20,ETH,EZET,Franklin,0,48445177,66708777,0.19,bykaranteli.com
2026-08-20,BTC,FBTC,Fidelity,64737470,12644552893,10145503956,0,bykaranteli.com
2026-08-20,ETH,FETH,Fidelity,5790896,1169181852,2165803219,0.25,bykaranteli.com
2026-08-20,BTC,GBTC,Grayscale,0,9554032422,-27527704848,1.5,bykaranteli.com
2026-08-20,BTC,HODL,VanEck,-3591593,1113906992,1062114802,0.25,bykaranteli.com
2026-08-20,BTC,IBIT,BlackRock,502990560,55315811520,62187398744,0.25,bykaranteli.com
2026-08-20,BTC,MSBT,Morgan Stanley,0,507615055,457368408,0.14,bykaranteli.com
2026-08-20,ETH,MSSE,Morgan Stanley,1249715,31742766,25382850,0.14,bykaranteli.com
2026-08-20,ETH,QETH,Invesco,0,21096594,23241706,0.25,bykaranteli.com
2026-08-20,ETH,TETH,21Shares,0,18790229,16823118,0.21,bykaranteli.com
2026-08-19,BTC,ARKB,Ark & 21Shares,77705583,2381574181,1388909521,0.21,bykaranteli.com
2026-08-19,BTC,BITB,Bitwise,35595598,2554354950,2055143888,0.2,bykaranteli.com
2026-08-19,BTC,BRRR,Valkyrie,0,392756713,299315125,0.25,bykaranteli.com
2026-08-19,BTC,BTC,Grayscale,19655610,4141889408,2761849391,0.15,bykaranteli.com
2026-08-19,BTC,BTCO,Invesco,0,349797956,144532233,0.25,bykaranteli.com
2026-08-19,BTC,BTCW,WisdomTree,0,147979156,87834149,0.25,bykaranteli.com
2026-08-19,ETH,ETH,Grayscale,16042160,1806363058,1837945775,0.15,bykaranteli.com
2026-08-19,ETH,ETHA,BlackRock,122122711,6516796888,11845794625,0.25,bykaranteli.com
2026-08-19,ETH,ETHB,BlackRock,9713686,658372048,570484492,0.25,bykaranteli.com
2026-08-19,ETH,ETHE,Grayscale,1692470,1598512528,-5350045305,2.5,bykaranteli.com
2026-08-19,ETH,ETHV,VanEck,0,101880427,162651459,0.2,bykaranteli.com
2026-08-19,ETH,ETHW,Bitwise,0,225384845,386635185,0.2,bykaranteli.com
2026-08-19,BTC,EZBC,Franklin,5920931,374992322,315666399,0.19,bykaranteli.com
2026-08-19,ETH,EZET,Franklin,794367,43690210,66708777,0.19,bykaranteli.com
2026-08-19,BTC,FBTC,Fidelity,62414565,11839655444,10080766486,0,bykaranteli.com
2026-08-19,ETH,FETH,Fidelity,36535226,1048560986,2160012323,0.25,bykaranteli.com
2026-08-19,BTC,GBTC,Grayscale,21175920,8996594906,-27527704848,1.5,bykaranteli.com
2026-08-19,BTC,HODL,VanEck,0,1052084534,1065706395,0.25,bykaranteli.com
2026-08-19,BTC,IBIT,BlackRock,284743680,51603601920,61684408184,0.25,bykaranteli.com
2026-08-19,BTC,MSBT,Morgan Stanley,9980617,477699746,457368408,0.14,bykaranteli.com
2026-08-19,ETH,MSSE,Morgan Stanley,2254256,27501922,24133135,0.14,bykaranteli.com
2026-08-19,ETH,QETH,Invesco,0,19083803,23241706,0.25,bykaranteli.com
2026-08-19,ETH,TETH,21Shares,0,16945819,16823118,0.21,bykaranteli.com
2026-08-18,BTC,ARKB,Ark & 21Shares,19730690,2180991851,1311203938,0.21,bykaranteli.com
2026-08-18,BTC,BITB,Bitwise,16146441,2384408077,2019548290,0.2,bykaranteli.com
2026-08-18,BTC,BRRR,Valkyrie,0,371809008,299315125,0.25,bykaranteli.com
2026-08-18,BTC,BTC,Grayscale,2856280,3893679753,2742193781,0.15,bykaranteli.com
2026-08-18,BTC,BTCO,Invesco,0,330328695,144532233,0.25,bykaranteli.com
2026-08-18,BTC,BTCW,WisdomTree,0,140085846,87834149,0.25,bykaranteli.com
2026-08-18,ETH,ETH,Grayscale,2736780,1628945870,1821903615,0.15,bykaranteli.com
2026-08-18,ETH,ETHA,BlackRock,64681447,5836345570,11723671914,0.25,bykaranteli.com
2026-08-18,ETH,ETHB,BlackRock,0,591992957,560770806,0.25,bykaranteli.com
2026-08-18,ETH,ETHE,Grayscale,1540030,1452995205,-5351737775,2.5,bykaranteli.com
2026-08-18,ETH,ETHV,VanEck,0,92987349,162651459,0.2,bykaranteli.com
2026-08-18,ETH,ETHW,Bitwise,1368639,205706397,386635185,0.2,bykaranteli.com
2026-08-18,BTC,EZBC,Franklin,0,349384853,309745468,0.19,bykaranteli.com
2026-08-18,ETH,EZET,Franklin,0,39150572,65914410,0.19,bykaranteli.com
2026-08-18,BTC,FBTC,Fidelity,23915839,11149197373,10018351921,0,bykaranteli.com
2026-08-18,ETH,FETH,Fidelity,0,923967626,2123477097,0.25,bykaranteli.com
2026-08-18,BTC,GBTC,Grayscale,0,8478123965,-27548880768,1.5,bykaranteli.com
2026-08-18,BTC,HODL,VanEck,-16918860,995926437,1065706395,0.25,bykaranteli.com
2026-08-18,BTC,IBIT,BlackRock,143566080,48581003520,61399664504,0.25,bykaranteli.com
2026-08-18,BTC,MSBT,Morgan Stanley,0,443011093,447387791,0.14,bykaranteli.com
2026-08-18,ETH,MSSE,Morgan Stanley,0,23048917,21878879,0.14,bykaranteli.com
2026-08-18,ETH,QETH,Invesco,1141151,17364520,23241706,0.25,bykaranteli.com
2026-08-18,ETH,TETH,21Shares,0,15466062,16823118,0.21,bykaranteli.com
2026-08-17,BTC,ARKB,Ark & 21Shares,14181107,2149024154,1291473248,0.21,bykaranteli.com
2026-08-17,BTC,BITB,Bitwise,0,2354850354,2003401849,0.2,bykaranteli.com
2026-08-17,BTC,BRRR,Valkyrie,0,369704244,299315125,0.25,bykaranteli.com
2026-08-17,BTC,BTC,Grayscale,0,3869804734,2739337501,0.15,bykaranteli.com
2026-08-17,BTC,BTCO,Invesco,0,328548918,144532233,0.25,bykaranteli.com
2026-08-17,BTC,BTCW,WisdomTree,0,139292701,87834149,0.25,bykaranteli.com
2026-08-17,BTC,DEFI,Hashdex,0,7279120,-2967712,0.9,bykaranteli.com
2026-08-17,ETH,ETH,Grayscale,0,1620495806,1819166835,0.15,bykaranteli.com
2026-08-17,ETH,ETHA,BlackRock,25896589,5751344721,11658990467,0.25,bykaranteli.com
2026-08-17,ETH,ETHB,BlackRock,0,589880298,560770806,0.25,bykaranteli.com
2026-08-17,ETH,ETHE,Grayscale,0,1446488279,-5353277805,2.5,bykaranteli.com
2026-08-17,ETH,ETHV,VanEck,0,92655448,162651459,0.2,bykaranteli.com
2026-08-17,ETH,ETHW,Bitwise,681909,203618147,385266547,0.2,bykaranteli.com
2026-08-17,BTC,EZBC,Franklin,0,347405776,309745468,0.19,bykaranteli.com
2026-08-17,ETH,EZET,Franklin,0,39012667,65914410,0.19,bykaranteli.com
2026-08-17,BTC,FBTC,Fidelity,111900744,11061583252,9994436082,0,bykaranteli.com
2026-08-17,ETH,FETH,Fidelity,4272701,920529682,2123477097,0.25,bykaranteli.com
2026-08-17,BTC,GBTC,Grayscale,0,8432619402,-27548880768,1.5,bykaranteli.com
2026-08-17,BTC,HODL,VanEck,0,1007092389,1082625256,0.25,bykaranteli.com
2026-08-17,BTC,IBIT,BlackRock,160234800,48163667520,61256098424,0.25,bykaranteli.com
2026-08-17,BTC,MSBT,Morgan Stanley,11240280,440397843,447387791,0.14,bykaranteli.com
2026-08-17,ETH,MSSE,Morgan Stanley,0,22963424,21878879,0.14,bykaranteli.com
2026-08-17,ETH,QETH,Invesco,0,16168072,22100555,0.25,bykaranteli.com
2026-08-17,ETH,TETH,21Shares,0,15411007,16823118,0.21,bykaranteli.com
2026-08-14,BTC,ARKB,Ark & 21Shares,0,2085952727,1277292141,0.21,bykaranteli.com
2026-08-14,BTC,BITB,Bitwise,6138504,2300915916,2003401849,0.2,bykaranteli.com
2026-08-14,BTC,BRRR,Valkyrie,0,361242359,299315125,0.25,bykaranteli.com
2026-08-14,BTC,BTC,Grayscale,0,3788018270,2739337501,0.15,bykaranteli.com
2026-08-14,BTC,BTCO,Invesco,0,321550505,144532233,0.25,bykaranteli.com
2026-08-14,BTC,BTCW,WisdomTree,0,136104361,87834149,0.25,bykaranteli.com
2026-08-14,BTC,DEFI,Hashdex,-1424780,7123900,-2967712,0.9,bykaranteli.com
2026-08-14,ETH,ETH,Grayscale,0,1597722889,1819166835,0.15,bykaranteli.com
2026-08-14,ETH,ETHA,BlackRock,0,5630805683,11633093878,0.25,bykaranteli.com
2026-08-14,ETH,ETHB,BlackRock,0,580038635,560770806,0.25,bykaranteli.com
2026-08-14,ETH,ETHE,Grayscale,0,1426451048,-5353277805,2.5,bykaranteli.com
2026-08-14,ETH,ETHV,VanEck,0,91122722,162651459,0.2,bykaranteli.com
2026-08-14,ETH,ETHW,Bitwise,0,199578744,384584637,0.2,bykaranteli.com
2026-08-14,BTC,EZBC,Franklin,0,339451030,309745468,0.19,bykaranteli.com
2026-08-14,ETH,EZET,Franklin,0,38367508,65914410,0.19,bykaranteli.com
2026-08-14,BTC,FBTC,Fidelity,-6836395,10703249946,9882535338,0,bykaranteli.com
2026-08-14,ETH,FETH,Fidelity,0,902724304,2119204396,0.25,bykaranteli.com
2026-08-14,BTC,GBTC,Grayscale,0,8255314365,-27548880768,1.5,bykaranteli.com
2026-08-14,BTC,HODL,VanEck,0,984014304,1082625256,0.25,bykaranteli.com
2026-08-14,BTC,IBIT,BlackRock,-55509480,46904087280,61095863624,0.25,bykaranteli.com
2026-08-14,BTC,MSBT,Morgan Stanley,0,419459701,436147511,0.14,bykaranteli.com
2026-08-14,ETH,MSSE,Morgan Stanley,0,22586124,21878879,0.14,bykaranteli.com
2026-08-14,ETH,QETH,Invesco,0,15943033,22100555,0.25,bykaranteli.com
2026-08-14,ETH,TETH,21Shares,0,15155733,16823118,0.21,bykaranteli.com
2026-08-13,BTC,ARKB,Ark & 21Shares,-58815526,2102865110,1277292141,0.21,bykaranteli.com
2026-08-13,BTC,BITB,Bitwise,-9282403,2313381213,1997263345,0.2,bykaranteli.com
2026-08-13,BTC,BRRR,Valkyrie,0,364167002,299315125,0.25,bykaranteli.com
2026-08-13,BTC,BTC,Grayscale,38926811,3814826358,2739337501,0.15,bykaranteli.com
2026-08-13,BTC,BTCO,Invesco,-7875527,323841681,144532233,0.25,bykaranteli.com
2026-08-13,BTC,BTCW,WisdomTree,-4015800,137206498,87834149,0.25,bykaranteli.com
2026-08-13,BTC,DEFI,Hashdex,0,8610948,-1542932,0.9,bykaranteli.com
2026-08-13,ETH,ETH,Grayscale,6474816,1603070737,1819166835,0.15,bykaranteli.com
2026-08-13,ETH,ETHA,BlackRock,-569203,5663001045,11633093878,0.25,bykaranteli.com
2026-08-13,ETH,ETHB,BlackRock,0,583323989,560770806,0.25,bykaranteli.com
2026-08-13,ETH,ETHE,Grayscale,0,1431333120,-5353277805,2.5,bykaranteli.com
2026-08-13,ETH,ETHV,VanEck,0,91642154,162651459,0.2,bykaranteli.com
2026-08-13,ETH,ETHW,Bitwise,0,200721781,384584637,0.2,bykaranteli.com
2026-08-13,BTC,EZBC,Franklin,0,342199603,309745468,0.19,bykaranteli.com
2026-08-13,ETH,EZET,Franklin,0,38586850,65914410,0.19,bykaranteli.com
2026-08-13,BTC,FBTC,Fidelity,-55119344,10793937354,9889371733,0,bykaranteli.com
2026-08-13,ETH,FETH,Fidelity,0,906481532,2119204396,0.25,bykaranteli.com
2026-08-13,BTC,GBTC,Grayscale,-36288712,8314043056,-27548880768,1.5,bykaranteli.com
2026-08-13,BTC,HODL,VanEck,0,991963385,1082625256,0.25,bykaranteli.com
2026-08-13,BTC,IBIT,BlackRock,-5739520,47340995840,61151373104,0.25,bykaranteli.com
2026-08-13,BTC,MSBT,Morgan Stanley,7080565,422836797,436147511,0.14,bykaranteli.com
2026-08-13,ETH,MSSE,Morgan Stanley,811329,22717204,21878879,0.14,bykaranteli.com
2026-08-13,ETH,QETH,Invesco,0,16001521,22100555,0.25,bykaranteli.com
2026-08-13,ETH,TETH,21Shares,0,15242109,16823118,0.21,bykaranteli.com
2026-08-12,BTC,ARKB,Ark & 21Shares,0,2160620251,1336107667,0.21,bykaranteli.com
2026-08-12,BTC,BITB,Bitwise,0,2321523136,2006545749,0.2,bykaranteli.com
2026-08-12,BTC,BRRR,Valkyrie,0,363989565,299315125,0.25,bykaranteli.com
2026-08-12,BTC,BTC,Grayscale,0,3776142241,2700410690,0.15,bykaranteli.com
2026-08-12,BTC,BTCO,Invesco,0,331742527,152407760,0.25,bykaranteli.com
2026-08-12,BTC,BTCW,WisdomTree,0,141153149,91849949,0.25,bykaranteli.com
2026-08-12,BTC,DEFI,Hashdex,0,8606184,-1542932,0.9,bykaranteli.com
2026-08-12,ETH,ETH,Grayscale,0,1589858218,1812692019,0.15,bykaranteli.com
2026-08-12,ETH,ETHA,BlackRock,7379093,5647844074,11633663081,0.25,bykaranteli.com
2026-08-12,ETH,ETHB,BlackRock,0,581675590,560770806,0.25,bykaranteli.com
2026-08-12,ETH,ETHE,Grayscale,0,1425395464,-5353277805,2.5,bykaranteli.com
2026-08-12,ETH,ETHV,VanEck,0,91399396,162651459,0.2,bykaranteli.com
2026-08-12,ETH,ETHW,Bitwise,0,200164168,384584637,0.2,bykaranteli.com
2026-08-12,BTC,EZBC,Franklin,0,342031452,309745468,0.19,bykaranteli.com
2026-08-12,ETH,EZET,Franklin,0,38479628,65914410,0.19,bykaranteli.com
2026-08-12,BTC,FBTC,Fidelity,-46822114,10842265328,9944491077,0,bykaranteli.com
2026-08-12,ETH,FETH,Fidelity,0,903765780,2119204396,0.25,bykaranteli.com
2026-08-12,BTC,GBTC,Grayscale,0,8351200196,-27512592056,1.5,bykaranteli.com
2026-08-12,BTC,HODL,VanEck,0,991488821,1082625256,0.25,bykaranteli.com
2026-08-12,BTC,IBIT,BlackRock,-14341600,47322977520,61157112624,0.25,bykaranteli.com
2026-08-12,BTC,MSBT,Morgan Stanley,0,415528103,429066947,0.14,bykaranteli.com
2026-08-12,ETH,MSSE,Morgan Stanley,0,21833513,21067551,0.14,bykaranteli.com
2026-08-12,ETH,QETH,Invesco,0,15931457,22100555,0.25,bykaranteli.com
2026-08-12,ETH,TETH,21Shares,0,15199517,16823118,0.21,bykaranteli.com
2026-08-11,BTC,ARKB,Ark & 21Shares,-11547542,2160650095,1336107667,0.21,bykaranteli.com
2026-08-11,BTC,BITB,Bitwise,0,2321554214,2006545749,0.2,bykaranteli.com
2026-08-11,BTC,BRRR,Valkyrie,0,363993644,299315125,0.25,bykaranteli.com
2026-08-11,BTC,BTC,Grayscale,0,3783935412,2700410690,0.15,bykaranteli.com
2026-08-11,BTC,BTCO,Invesco,0,332397825,152407760,0.25,bykaranteli.com
2026-08-11,BTC,BTCW,WisdomTree,0,141155229,91849949,0.25,bykaranteli.com
2026-08-11,BTC,DEFI,Hashdex,-2873252,8619756,-1542932,0.9,bykaranteli.com
2026-08-11,ETH,ETH,Grayscale,0,1591988717,1812692019,0.15,bykaranteli.com
2026-08-11,ETH,ETHA,BlackRock,563836,5602837935,11626283988,0.25,bykaranteli.com
2026-08-11,ETH,ETHB,BlackRock,0,577766374,560770806,0.25,bykaranteli.com
2026-08-11,ETH,ETHE,Grayscale,0,1427412382,-5353277805,2.5,bykaranteli.com
2026-08-11,ETH,ETHV,VanEck,0,90782741,162651459,0.2,bykaranteli.com
2026-08-11,ETH,ETHW,Bitwise,0,198828643,384584637,0.2,bykaranteli.com
2026-08-11,BTC,EZBC,Franklin,-16461628,342036053,309745468,0.19,bykaranteli.com
2026-08-11,ETH,EZET,Franklin,0,38222834,65914410,0.19,bykaranteli.com
2026-08-11,BTC,FBTC,Fidelity,-4131415,10889224631,9991313191,0,bykaranteli.com
2026-08-11,ETH,FETH,Fidelity,-2328276,898714488,2119204396,0.25,bykaranteli.com
2026-08-11,BTC,GBTC,Grayscale,0,8368704991,-27512592056,1.5,bykaranteli.com
2026-08-11,BTC,HODL,VanEck,-10295519,991503219,1082625256,0.25,bykaranteli.com
2026-08-11,BTC,IBIT,BlackRock,50195600,47337319120,61171454224,0.25,bykaranteli.com
2026-08-11,BTC,MSBT,Morgan Stanley,0,415482211,429066947,0.14,bykaranteli.com
2026-08-11,ETH,MSSE,Morgan Stanley,0,21729716,21067551,0.14,bykaranteli.com
2026-08-11,ETH,QETH,Invesco,0,15951167,22100555,0.25,bykaranteli.com
2026-08-11,ETH,TETH,21Shares,0,15097365,16823118,0.21,bykaranteli.com
2026-08-10,BTC,ARKB,Ark & 21Shares,0,2192549668,1347655209,0.21,bykaranteli.com
2026-08-10,BTC,BITB,Bitwise,-28441545,2343305831,2006545749,0.2,bykaranteli.com
2026-08-10,BTC,BRRR,Valkyrie,0,367405728,299315125,0.25,bykaranteli.com
2026-08-10,BTC,BTC,Grayscale,37056756,3814015976,2700410690,0.15,bykaranteli.com
2026-08-10,BTC,BTCO,Invesco,0,335066848,152407760,0.25,bykaranteli.com
2026-08-10,BTC,BTCW,WisdomTree,0,142477995,91849949,0.25,bykaranteli.com
2026-08-10,BTC,DEFI,Hashdex,0,11593664,1330320,0.9,bykaranteli.com
2026-08-10,ETH,ETH,Grayscale,8590800,1588775214,1812692019,0.15,bykaranteli.com
2026-08-10,ETH,ETHA,BlackRock,-23768097,5622852747,11625720152,0.25,bykaranteli.com
2026-08-10,ETH,ETHB,BlackRock,3859289,579858190,560770806,0.25,bykaranteli.com
2026-08-10,ETH,ETHE,Grayscale,0,1424660326,-5353277805,2.5,bykaranteli.com
2026-08-10,ETH,ETHV,VanEck,0,91117635,162651459,0.2,bykaranteli.com
2026-08-10,ETH,ETHW,Bitwise,0,199558701,384584637,0.2,bykaranteli.com
2026-08-10,BTC,EZBC,Franklin,-7384839,361857121,326207096,0.19,bykaranteli.com
2026-08-10,ETH,EZET,Franklin,0,38363193,65914410,0.19,bykaranteli.com
2026-08-10,BTC,FBTC,Fidelity,-40323849,10998870975,9995444606,0,bykaranteli.com
2026-08-10,ETH,FETH,Fidelity,-3269902,903894422,2121532672,0.25,bykaranteli.com
2026-08-10,BTC,GBTC,Grayscale,-52016265,8435556958,-27512592056,1.5,bykaranteli.com
2026-08-10,BTC,HODL,VanEck,0,1011233586,1092920775,0.25,bykaranteli.com
2026-08-10,BTC,IBIT,BlackRock,-53561200,47730267200,61121258624,0.25,bykaranteli.com
2026-08-10,BTC,MSBT,Morgan Stanley,0,419565464,429066947,0.14,bykaranteli.com
2026-08-10,ETH,MSSE,Morgan Stanley,0,21780423,21067551,0.14,bykaranteli.com
2026-08-10,ETH,QETH,Invesco,0,15925821,22100555,0.25,bykaranteli.com
2026-08-10,ETH,TETH,21Shares,0,15152212,16823118,0.21,bykaranteli.com
2026-08-07,BTC,ARKB,Ark & 21Shares,1936246,2225822404,1347655209,0.21,bykaranteli.com
2026-08-07,BTC,BITB,Bitwise,2112671,2407740283,2034987294,0.2,bykaranteli.com
2026-08-07,BTC,BRRR,Valkyrie,0,372985800,299315125,0.25,bykaranteli.com
2026-08-07,BTC,BTC,Grayscale,0,3832370004,2663353934,0.15,bykaranteli.com
2026-08-07,BTC,BTCO,Invesco,-19372153,339981283,152407760,0.25,bykaranteli.com
2026-08-07,BTC,BTCW,WisdomTree,0,144642420,91849949,0.25,bykaranteli.com
2026-08-07,BTC,DEFI,Hashdex,-2942040,11768160,1330320,0.9,bykaranteli.com
2026-08-07,ETH,ETH,Grayscale,0,1614635480,1804101219,0.15,bykaranteli.com
2026-08-07,ETH,ETHA,BlackRock,38147564,5767218145,11649488250,0.25,bykaranteli.com
2026-08-07,ETH,ETHB,BlackRock,0,588985418,556911517,0.25,bykaranteli.com
2026-08-07,ETH,ETHE,Grayscale,0,1456026227,-5353277805,2.5,bykaranteli.com
2026-08-07,ETH,ETHV,VanEck,0,93064921,162651459,0.2,bykaranteli.com
2026-08-07,ETH,ETHW,Bitwise,0,203817639,384584637,0.2,bykaranteli.com
2026-08-07,BTC,EZBC,Franklin,0,374850160,333591935,0.19,bykaranteli.com
2026-08-07,ETH,EZET,Franklin,0,39182459,65914410,0.19,bykaranteli.com
2026-08-07,BTC,FBTC,Fidelity,40954395,11211815329,10035768455,0,bykaranteli.com
2026-08-07,ETH,FETH,Fidelity,11453470,926776630,2124802575,0.25,bykaranteli.com
2026-08-07,BTC,GBTC,Grayscale,0,8613072521,-27460575791,1.5,bykaranteli.com
2026-08-07,BTC,HODL,VanEck,-10550192,1026579552,1092920775,0.25,bykaranteli.com
2026-08-07,BTC,IBIT,BlackRock,86706400,48510026400,61174819824,0.25,bykaranteli.com
2026-08-07,BTC,MSBT,Morgan Stanley,0,425773242,429066947,0.14,bykaranteli.com
2026-08-07,ETH,MSSE,Morgan Stanley,0,22243049,21067551,0.14,bykaranteli.com
2026-08-07,ETH,QETH,Invesco,0,16272945,22100555,0.25,bykaranteli.com
2026-08-07,ETH,TETH,21Shares,0,15475316,16823118,0.21,bykaranteli.com
2026-08-06,BTC,ARKB,Ark & 21Shares,0,2206678050,1345718963,0.21,bykaranteli.com
2026-08-06,BTC,BITB,Bitwise,1746933,2387009798,2032874623,0.2,bykaranteli.com
2026-08-06,BTC,BRRR,Valkyrie,-9073200,370095828,299315125,0.25,bykaranteli.com
2026-08-06,BTC,BTC,Grayscale,6833328,3801607005,2663353934,0.15,bykaranteli.com
2026-08-06,BTC,BTCO,Invesco,0,356451344,171779913,0.25,bykaranteli.com
2026-08-06,BTC,BTCW,WisdomTree,0,143521599,91849949,0.25,bykaranteli.com
2026-08-06,BTC,DEFI,Hashdex,0,14591440,4272360,0.9,bykaranteli.com
2026-08-06,ETH,ETH,Grayscale,4549575,1606742284,1804101219,0.15,bykaranteli.com
2026-08-06,ETH,ETHA,BlackRock,81137632,5703802910,11611340685,0.25,bykaranteli.com
2026-08-06,ETH,ETHB,BlackRock,1964360,586361508,556911517,0.25,bykaranteli.com
2026-08-06,ETH,ETHE,Grayscale,3074880,1449014138,-5353277805,2.5,bykaranteli.com
2026-08-06,ETH,ETHV,VanEck,0,92651757,162651459,0.2,bykaranteli.com
2026-08-06,ETH,ETHW,Bitwise,0,202920688,384584637,0.2,bykaranteli.com
2026-08-06,BTC,EZBC,Franklin,0,371944450,333591935,0.19,bykaranteli.com
2026-08-06,ETH,EZET,Franklin,0,39009560,65914410,0.19,bykaranteli.com
2026-08-06,BTC,FBTC,Fidelity,11203900,11078051468,9994814060,0,bykaranteli.com
2026-08-06,ETH,FETH,Fidelity,1424437,910690087,2113349104,0.25,bykaranteli.com
2026-08-06,BTC,GBTC,Grayscale,7480515,8544249220,-27460575791,1.5,bykaranteli.com
2026-08-06,BTC,HODL,VanEck,-32770782,1029093585,1103470967,0.25,bykaranteli.com
2026-08-06,BTC,IBIT,BlackRock,128325120,48049008000,61088113424,0.25,bykaranteli.com
2026-08-06,BTC,MSBT,Morgan Stanley,14942381,422445094,429066947,0.14,bykaranteli.com
2026-08-06,ETH,MSSE,Morgan Stanley,0,22142157,21067551,0.14,bykaranteli.com
2026-08-06,ETH,QETH,Invesco,0,16194737,22100555,0.25,bykaranteli.com
2026-08-06,ETH,TETH,21Shares,0,15406707,16823118,0.21,bykaranteli.com
2026-08-05,BTC,ARKB,Ark & 21Shares,37630390,2222773380,1345718963,0.21,bykaranteli.com
2026-08-05,BTC,BITB,Bitwise,10558050,2402660245,2031127690,0.2,bykaranteli.com
2026-08-05,BTC,BRRR,Valkyrie,0,381935526,308388325,0.25,bykaranteli.com
2026-08-05,BTC,BTC,Grayscale,0,3818297590,2656520606,0.15,bykaranteli.com
2026-08-05,BTC,BTCO,Invesco,0,358693127,171779913,0.25,bykaranteli.com
2026-08-05,BTC,BTCW,WisdomTree,0,144568614,91849949,0.25,bykaranteli.com
2026-08-05,BTC,DEFI,Hashdex,0,14697780,4272360,0.9,bykaranteli.com
2026-08-05,ETH,ETH,Grayscale,0,1608047421,1799551644,0.15,bykaranteli.com
2026-08-05,ETH,ETHA,BlackRock,50344189,5654173236,11530203053,0.25,bykaranteli.com
2026-08-05,ETH,ETHB,BlackRock,4938162,587641254,554947157,0.25,bykaranteli.com
2026-08-05,ETH,ETHE,Grayscale,0,1451328237,-5356352685,2.5,bykaranteli.com
2026-08-05,ETH,ETHV,VanEck,0,93169127,162651459,0.2,bykaranteli.com
2026-08-05,ETH,ETHW,Bitwise,1371353,204057297,384584637,0.2,bykaranteli.com
2026-08-05,BTC,EZBC,Franklin,0,374657630,333591935,0.19,bykaranteli.com
2026-08-05,ETH,EZET,Franklin,0,39228087,65914410,0.19,bykaranteli.com
2026-08-05,BTC,FBTC,Fidelity,11284947,11146902955,9983610159,0,bykaranteli.com
2026-08-05,ETH,FETH,Fidelity,2865008,914415037,2111924667,0.25,bykaranteli.com
2026-08-05,BTC,GBTC,Grayscale,0,8589988598,-27468056306,1.5,bykaranteli.com
2026-08-05,BTC,HODL,VanEck,-14671176,1069620425,1136241749,0.25,bykaranteli.com
2026-08-05,BTC,IBIT,BlackRock,196829920,48270334560,60959788304,0.25,bykaranteli.com
2026-08-05,BTC,MSBT,Morgan Stanley,2787132,410451661,414124566,0.14,bykaranteli.com
2026-08-05,ETH,MSSE,Morgan Stanley,0,22264381,21067551,0.14,bykaranteli.com
2026-08-05,ETH,QETH,Invesco,0,16255432,22100555,0.25,bykaranteli.com
2026-08-05,ETH,TETH,21Shares,1338865,15492578,16823118,0.21,bykaranteli.com
2026-08-04,BTC,ARKB,Ark & 21Shares,9165014,2165927156,1308088573,0.21,bykaranteli.com
2026-08-04,BTC,BITB,Bitwise,8720998,2371064936,2020569640,0.2,bykaranteli.com
2026-08-04,BTC,BRRR,Valkyrie,0,378577699,308388325,0.25,bykaranteli.com
2026-08-04,BTC,BTC,Grayscale,0,3782045441,2656520606,0.15,bykaranteli.com
2026-08-04,BTC,BTCO,Invesco,0,355388079,171779913,0.25,bykaranteli.com
2026-08-04,BTC,BTCW,WisdomTree,0,143297576,91849949,0.25,bykaranteli.com
2026-08-04,BTC,DEFI,Hashdex,0,14562440,4272360,0.9,bykaranteli.com
2026-08-04,ETH,ETH,Grayscale,0,1573024795,1799551644,0.15,bykaranteli.com
2026-08-04,ETH,ETHA,BlackRock,42458238,5482207691,11479858864,0.25,bykaranteli.com
2026-08-04,ETH,ETHB,BlackRock,0,570028429,550008995,0.25,bykaranteli.com
2026-08-04,ETH,ETHE,Grayscale,0,1419831395,-5356352685,2.5,bykaranteli.com
2026-08-04,ETH,ETHV,VanEck,0,91141110,162651459,0.2,bykaranteli.com
2026-08-04,ETH,ETHW,Bitwise,1341594,198287638,383213285,0.2,bykaranteli.com
2026-08-04,BTC,EZBC,Franklin,0,371362090,333591935,0.19,bykaranteli.com
2026-08-04,ETH,EZET,Franklin,0,38376688,65914410,0.19,bykaranteli.com
2026-08-04,BTC,FBTC,Fidelity,19575201,11037811794,9972325212,0,bykaranteli.com
2026-08-04,ETH,FETH,Fidelity,9342399,891731937,2109059659,0.25,bykaranteli.com
2026-08-04,BTC,GBTC,Grayscale,0,8508729405,-27468056306,1.5,bykaranteli.com
2026-08-04,BTC,HODL,VanEck,0,1074716899,1150912925,0.25,bykaranteli.com
2026-08-04,BTC,IBIT,BlackRock,170347320,47650658880,60762958384,0.25,bykaranteli.com
2026-08-04,BTC,MSBT,Morgan Stanley,3683843,404117599,411337433,0.14,bykaranteli.com
2026-08-04,ETH,MSSE,Morgan Stanley,605207,21787464,21067551,0.14,bykaranteli.com
2026-08-04,ETH,QETH,Invesco,0,15904086,22100555,0.25,bykaranteli.com
2026-08-04,ETH,TETH,21Shares,0,13846338,15484253,0.21,bykaranteli.com
2026-08-03,BTC,ARKB,Ark & 21Shares,2118481,2143691126,1298923559,0.21,bykaranteli.com
2026-08-03,BTC,BITB,Bitwise,2773805,2348025763,2011848642,0.2,bykaranteli.com
2026-08-03,BTC,BRRR,Valkyrie,0,376283428,308388325,0.25,bykaranteli.com
2026-08-03,BTC,BTC,Grayscale,0,3760387447,2656520606,0.15,bykaranteli.com
2026-08-03,BTC,BTCO,Invesco,6665402,353266317,171779913,0.25,bykaranteli.com
2026-08-03,BTC,BTCW,WisdomTree,0,142429045,91849949,0.25,bykaranteli.com
2026-08-03,BTC,DEFI,Hashdex,0,14476200,4272360,0.9,bykaranteli.com
2026-08-03,ETH,ETH,Grayscale,0,1568244180,1799551644,0.15,bykaranteli.com
2026-08-03,ETH,ETHA,BlackRock,-9030339,5423283086,11437400626,0.25,bykaranteli.com
2026-08-03,ETH,ETHB,BlackRock,5779050,568273250,550008995,0.25,bykaranteli.com
2026-08-03,ETH,ETHE,Grayscale,-7838480,1417687089,-5356352685,2.5,bykaranteli.com
2026-08-03,ETH,ETHV,VanEck,0,90872649,162651459,0.2,bykaranteli.com
2026-08-03,ETH,ETHW,Bitwise,0,196349727,381871690,0.2,bykaranteli.com
2026-08-03,BTC,EZBC,Franklin,9227769,369110770,333591935,0.19,bykaranteli.com
2026-08-03,ETH,EZET,Franklin,0,38260463,65914410,0.19,bykaranteli.com
2026-08-03,BTC,FBTC,Fidelity,33359832,10953338327,9952750011,0,bykaranteli.com
2026-08-03,ETH,FETH,Fidelity,-931296,879608930,2099717261,0.25,bykaranteli.com
2026-08-03,BTC,GBTC,Grayscale,0,8460353908,-27468056306,1.5,bykaranteli.com
2026-08-03,BTC,HODL,VanEck,4516855,1068236208,1150912925,0.25,bykaranteli.com
2026-08-03,BTC,IBIT,BlackRock,111428240,47192030320,60592611064,0.25,bykaranteli.com
2026-08-03,BTC,MSBT,Morgan Stanley,0,398051617,407653590,0.14,bykaranteli.com
2026-08-03,ETH,MSSE,Morgan Stanley,603253,21113865,20462343,0.14,bykaranteli.com
2026-08-03,ETH,QETH,Invesco,0,15856255,22100555,0.25,bykaranteli.com
2026-08-03,ETH,TETH,21Shares,0,13804064,15484253,0.21,bykaranteli.com
2026-07-31,BTC,ARKB,Ark & 21Shares,-17538277,2110648102,1296805078,0.21,bykaranteli.com
2026-07-31,BTC,BITB,Bitwise,-17769370,2311385016,2009074837,0.2,bykaranteli.com
2026-07-31,BTC,BRRR,Valkyrie,0,370854908,308388325,0.25,bykaranteli.com
2026-07-31,BTC,BTC,Grayscale,0,3707142103,2656520606,0.15,bykaranteli.com
2026-07-31,BTC,BTCO,Invesco,0,341665026,165114511,0.25,bykaranteli.com
2026-07-31,BTC,BTCW,WisdomTree,0,140373924,91849949,0.25,bykaranteli.com
2026-07-31,BTC,DEFI,Hashdex,0,14264460,4272360,0.9,bykaranteli.com
2026-07-31,ETH,ETH,Grayscale,-1957032,1566351303,1799551644,0.15,bykaranteli.com
2026-07-31,ETH,ETHA,BlackRock,0,5423418385,11446430965,0.25,bykaranteli.com
2026-07-31,ETH,ETHB,BlackRock,15383096,561482992,544229945,0.25,bykaranteli.com
2026-07-31,ETH,ETHE,Grayscale,0,1424097585,-5348514205,2.5,bykaranteli.com
2026-07-31,ETH,ETHV,VanEck,0,90727180,162651459,0.2,bykaranteli.com
2026-07-31,ETH,ETHW,Bitwise,-2537113,196025358,381871690,0.2,bykaranteli.com
2026-07-31,BTC,EZBC,Franklin,0,354688776,324364166,0.19,bykaranteli.com
2026-07-31,ETH,EZET,Franklin,0,38197629,65914410,0.19,bykaranteli.com
2026-07-31,BTC,FBTC,Fidelity,-54780955,10759170200,9919390179,0,bykaranteli.com
2026-07-31,ETH,FETH,Fidelity,-1859413,879037448,2100648557,0.25,bykaranteli.com
2026-07-31,BTC,GBTC,Grayscale,-52627536,8341469329,-27468056306,1.5,bykaranteli.com
2026-07-31,BTC,HODL,VanEck,0,1048333549,1146396070,0.25,bykaranteli.com
2026-07-31,BTC,IBIT,BlackRock,-122656640,46401292160,60481182824,0.25,bykaranteli.com
2026-07-31,BTC,MSBT,Morgan Stanley,0,392275951,407653590,0.14,bykaranteli.com
2026-07-31,ETH,MSSE,Morgan Stanley,0,20479550,19859090,0.14,bykaranteli.com
2026-07-31,ETH,QETH,Invesco,0,15838757,22100555,0.25,bykaranteli.com
2026-07-31,ETH,TETH,21Shares,0,13781016,15484253,0.21,bykaranteli.com
2026-07-30,BTC,ARKB,Ark & 21Shares,1503372,2189124210,1314343355,0.21,bykaranteli.com
2026-07-30,BTC,BITB,Bitwise,20738766,2395854740,2026844207,0.2,bykaranteli.com
2026-07-30,BTC,BRRR,Valkyrie,0,381469568,308388325,0.25,bykaranteli.com
2026-07-30,BTC,BTC,Grayscale,2289912,3814992247,2656520606,0.15,bykaranteli.com
2026-07-30,BTC,BTCO,Invesco,0,351652239,165114511,0.25,bykaranteli.com
2026-07-30,BTC,BTCW,WisdomTree,0,144392672,91849949,0.25,bykaranteli.com
2026-07-30,BTC,DEFI,Hashdex,0,14673680,4272360,0.9,bykaranteli.com
2026-07-30,ETH,ETH,Grayscale,0,1614975363,1801508676,0.15,bykaranteli.com
2026-07-30,ETH,ETHA,BlackRock,16241665,5583072495,11446430965,0.25,bykaranteli.com
2026-07-30,ETH,ETHB,BlackRock,0,562145488,528846849,0.25,bykaranteli.com
2026-07-30,ETH,ETHE,Grayscale,-1550810,1466577755,-5348514205,2.5,bykaranteli.com
2026-07-30,ETH,ETHV,VanEck,-702247,93398818,162651459,0.2,bykaranteli.com
2026-07-30,ETH,ETHW,Bitwise,1374643,204409459,384408803,0.2,bykaranteli.com
2026-07-30,BTC,EZBC,Franklin,0,364841958,324364166,0.19,bykaranteli.com
2026-07-30,ETH,EZET,Franklin,0,39321977,65914410,0.19,bykaranteli.com
2026-07-30,BTC,FBTC,Fidelity,15498503,11125303227,9974171134,0,bykaranteli.com
2026-07-30,ETH,FETH,Fidelity,-2872964,907377828,2102507970,0.25,bykaranteli.com
2026-07-30,BTC,GBTC,Grayscale,0,8638637303,-27415428770,1.5,bykaranteli.com
2026-07-30,BTC,HODL,VanEck,2289456,1078333894,1146396070,0.25,bykaranteli.com
2026-07-30,BTC,IBIT,BlackRock,183385000,47856149600,60603839464,0.25,bykaranteli.com
2026-07-30,BTC,MSBT,Morgan Stanley,7424277,403509466,407653590,0.14,bykaranteli.com
2026-07-30,ETH,MSSE,Morgan Stanley,413431,21084963,19859090,0.14,bykaranteli.com
2026-07-30,ETH,QETH,Invesco,0,16312113,22100555,0.25,bykaranteli.com
2026-07-30,ETH,TETH,21Shares,383412,14186241,15484253,0.21,bykaranteli.com
