date,coin,long_notional_usd,short_notional_usd,long_share_pct,longs,shorts,accounts,top_long_notional_usd,top_short_notional_usd,source
2026-09-02,0G,3933,0,100,2,0,300,3933,0,bykaranteli-hl-scan
2026-09-02,2Z,97802,81899,54.43,2,2,300,95811,81588,bykaranteli-hl-scan
2026-09-02,AAVE,5069336,10825402,31.89,4,11,300,2217554,1997353,bykaranteli-hl-scan
2026-09-02,ACE,2522,0,100,1,0,300,2522,0,bykaranteli-hl-scan
2026-09-02,ADA,970063,2959668,24.69,5,7,300,808897,1435902,bykaranteli-hl-scan
2026-09-02,AERO,0,811588,0,0,3,300,0,655965,bykaranteli-hl-scan
2026-09-02,AIXBT,0,24542,0,0,3,300,0,20206,bykaranteli-hl-scan
2026-09-02,ALGO,431908,385262,52.85,1,3,300,431908,224911,bykaranteli-hl-scan
2026-09-02,ALT,40229,267168,13.09,1,1,300,40229,267168,bykaranteli-hl-scan
2026-09-02,ANIME,732,42863,1.68,2,1,300,585,42863,bykaranteli-hl-scan
2026-09-02,APE,0,185048,0,0,4,300,0,144250,bykaranteli-hl-scan
2026-09-02,APEX,0,122354,0,0,3,300,0,66347,bykaranteli-hl-scan
2026-09-02,APT,127065,197423,39.16,3,2,300,102097,197202,bykaranteli-hl-scan
2026-09-02,AR,0,134212,0,0,2,300,0,134142,bykaranteli-hl-scan
2026-09-02,ARB,2229,2200755,0.1,1,4,300,2229,1112947,bykaranteli-hl-scan
2026-09-02,ASTER,464645,2475506,15.8,1,8,300,464645,1980513,bykaranteli-hl-scan
2026-09-02,ATOM,62980,545297,10.35,2,3,300,46924,486207,bykaranteli-hl-scan
2026-09-02,AVAX,663653,1397634,32.2,2,10,300,516475,624294,bykaranteli-hl-scan
2026-09-02,AVNT,30507,72026,29.75,1,2,300,30507,70349,bykaranteli-hl-scan
2026-09-02,AZTEC,0,86,0,0,1,300,0,86,bykaranteli-hl-scan
2026-09-02,BABY,0,3881,0,0,1,300,0,3881,bykaranteli-hl-scan
2026-09-02,BANANA,0,64,0,0,2,300,0,43,bykaranteli-hl-scan
2026-09-02,BCH,572516,490801,53.84,1,4,300,572516,273891,bykaranteli-hl-scan
2026-09-02,BERA,23665,383456,5.81,3,2,300,23291,383434,bykaranteli-hl-scan
2026-09-02,BIO,58,2632,2.16,1,2,300,58,2450,bykaranteli-hl-scan
2026-09-02,BLUR,201573,243632,45.28,1,3,300,201573,242299,bykaranteli-hl-scan
2026-09-02,BNB,2928091,3495669,45.58,3,9,300,1422750,1397597,bykaranteli-hl-scan
2026-09-02,BOME,0,4955,0,0,3,300,0,3998,bykaranteli-hl-scan
2026-09-02,BRETT,50,0,100,1,0,300,50,0,bykaranteli-hl-scan
2026-09-02,BSV,0,39,0,0,1,300,0,39,bykaranteli-hl-scan
2026-09-02,BTC,393912575,476148144,45.27,20,20,300,144364367,141628400,bykaranteli-hl-scan
2026-09-02,CAKE,102,2603,3.76,1,1,300,102,2603,bykaranteli-hl-scan
2026-09-02,CASHCAT,1100275,7677449,12.53,3,4,300,643293,5090364,bykaranteli-hl-scan
2026-09-02,CC,34,274874,0.01,1,3,300,34,240301,bykaranteli-hl-scan
2026-09-02,CFX,0,28049,0,0,2,300,0,28004,bykaranteli-hl-scan
2026-09-02,CHIP,6,180390,0,1,4,300,6,160370,bykaranteli-hl-scan
2026-09-02,COMP,0,27809,0,0,2,300,0,27778,bykaranteli-hl-scan
2026-09-02,CRV,593007,1373768,30.15,2,6,300,592503,414440,bykaranteli-hl-scan
2026-09-02,DASH,0,22894,0,0,2,300,0,19139,bykaranteli-hl-scan
2026-09-02,DOGE,1309273,11667388,10.09,3,11,300,682408,3706852,bykaranteli-hl-scan
2026-09-02,DOT,142198,754729,15.85,4,2,300,113564,635334,bykaranteli-hl-scan
2026-09-02,DYDX,511406,844,99.84,2,1,300,508795,844,bykaranteli-hl-scan
2026-09-02,DYM,0,47536,0,0,1,300,0,47536,bykaranteli-hl-scan
2026-09-02,EIGEN,0,428593,0,0,3,300,0,419640,bykaranteli-hl-scan
2026-09-02,ENA,5766889,7210404,44.44,3,13,300,4469700,1920213,bykaranteli-hl-scan
2026-09-02,ENS,0,40066,0,0,2,300,0,39868,bykaranteli-hl-scan
2026-09-02,ETC,178929,3494,98.08,1,1,300,178929,3494,bykaranteli-hl-scan
2026-09-02,ETH,352054815,495438658,41.54,17,19,300,107727200,147018807,bykaranteli-hl-scan
2026-09-02,ETHFI,466448,626211,42.69,3,4,300,464851,296256,bykaranteli-hl-scan
2026-09-02,FARTCOIN,493592,9153610,5.12,7,9,300,279693,3739255,bykaranteli-hl-scan
2026-09-02,FET,66172,230926,22.27,2,2,300,64569,143835,bykaranteli-hl-scan
2026-09-02,FIL,20414,486231,4.03,3,4,300,15506,352860,bykaranteli-hl-scan
2026-09-02,FOGO,0,639,0,0,2,300,0,621,bykaranteli-hl-scan
2026-09-02,GALA,981,781,55.67,1,1,300,981,781,bykaranteli-hl-scan
2026-09-02,GMT,553,0,100,1,0,300,553,0,bykaranteli-hl-scan
2026-09-02,GMX,0,2378,0,0,1,300,0,2378,bykaranteli-hl-scan
2026-09-02,GOAT,3,4771,0.07,1,1,300,3,4771,bykaranteli-hl-scan
2026-09-02,GRAM,957,1618610,0.06,1,6,300,957,876454,bykaranteli-hl-scan
2026-09-02,GRASS,547484,891851,38.04,2,8,300,546153,321289,bykaranteli-hl-scan
2026-09-02,GRIFFAIN,0,39,0,0,1,300,0,39,bykaranteli-hl-scan
2026-09-02,HBAR,0,484262,0,0,3,300,0,256992,bykaranteli-hl-scan
2026-09-02,HEMI,0,636,0,0,2,300,0,384,bykaranteli-hl-scan
2026-09-02,HYPE,294043247,414868064,41.48,19,30,300,113007553,77577245,bykaranteli-hl-scan
2026-09-02,HYPER,0,237,0,0,1,300,0,237,bykaranteli-hl-scan
2026-09-02,ICP,91713,211122,30.28,1,2,300,91713,211122,bykaranteli-hl-scan
2026-09-02,IMX,0,22272,0,0,2,300,0,21755,bykaranteli-hl-scan
2026-09-02,INIT,0,6104,0,0,1,300,0,6104,bykaranteli-hl-scan
2026-09-02,INJ,0,285075,0,0,4,300,0,255521,bykaranteli-hl-scan
2026-09-02,IO,1003,184084,0.54,1,2,300,1003,182006,bykaranteli-hl-scan
2026-09-02,IOTA,9552,158647,5.68,1,1,300,9552,158647,bykaranteli-hl-scan
2026-09-02,JTO,341299,247797,57.94,1,3,300,341299,135789,bykaranteli-hl-scan
2026-09-02,JUP,3517,1129403,0.31,1,3,300,3517,1126222,bykaranteli-hl-scan
2026-09-02,KAITO,18,5360,0.34,2,3,300,11,4978,bykaranteli-hl-scan
2026-09-02,KAS,0,5015,0,0,1,300,0,5015,bykaranteli-hl-scan
2026-09-02,LAYER,12,3391,0.34,2,2,300,11,3330,bykaranteli-hl-scan
2026-09-02,LDO,1717960,1143260,60.04,3,3,300,1074534,615527,bykaranteli-hl-scan
2026-09-02,LINEA,0,1356,0,0,2,300,0,1035,bykaranteli-hl-scan
2026-09-02,LINK,2251151,13569511,14.23,1,11,300,2251151,4830207,bykaranteli-hl-scan
2026-09-02,LIT,25149847,15627317,61.68,6,11,300,18994996,8293125,bykaranteli-hl-scan
2026-09-02,LTC,129393,2307873,5.31,2,7,300,128727,1140459,bykaranteli-hl-scan
2026-09-02,ME,0,0,100,1,0,300,0,0,bykaranteli-hl-scan
2026-09-02,MEGA,39,275352,0.01,1,2,300,39,274639,bykaranteli-hl-scan
2026-09-02,MELANIA,348991,372314,48.38,3,2,300,202275,371709,bykaranteli-hl-scan
2026-09-02,MEME,0,115718,0,0,1,300,0,115718,bykaranteli-hl-scan
2026-09-02,MERL,233,0,100,1,0,300,233,0,bykaranteli-hl-scan
2026-09-02,MET,0,471,0,0,3,300,0,379,bykaranteli-hl-scan
2026-09-02,MINA,53900,460463,10.48,1,1,300,53900,460463,bykaranteli-hl-scan
2026-09-02,MNT,14715,158022,8.52,1,3,300,14715,157895,bykaranteli-hl-scan
2026-09-02,MON,0,2511327,0,0,7,300,0,1540713,bykaranteli-hl-scan
2026-09-02,MOODENG,935,69852,1.32,3,2,300,656,69794,bykaranteli-hl-scan
2026-09-02,MORPHO,466,1062290,0.04,1,4,300,466,494940,bykaranteli-hl-scan
2026-09-02,MOVE,0,276,0,0,2,300,0,237,bykaranteli-hl-scan
2026-09-02,NEAR,1409790,11034369,11.33,5,14,300,539531,3390547,bykaranteli-hl-scan
2026-09-02,NEO,0,12212,0,0,2,300,0,12190,bykaranteli-hl-scan
2026-09-02,NIL,0,158,0,0,1,300,0,158,bykaranteli-hl-scan
2026-09-02,NXPC,0,603,0,0,1,300,0,603,bykaranteli-hl-scan
2026-09-02,ONDO,1876776,2816342,39.99,3,7,300,907556,1391021,bykaranteli-hl-scan
2026-09-02,OP,18825,730316,2.51,3,3,300,16894,394387,bykaranteli-hl-scan
2026-09-02,ORDI,2016,0,100,1,0,300,2016,0,bykaranteli-hl-scan
2026-09-02,PAXG,1951110,1197721,61.96,4,3,300,1047468,813391,bykaranteli-hl-scan
2026-09-02,PENDLE,1083546,1217662,47.09,2,4,300,1083494,926085,bykaranteli-hl-scan
2026-09-02,PENGU,1077,1626183,0.07,1,5,300,1077,1149926,bykaranteli-hl-scan
2026-09-02,PEOPLE,0,1742,0,0,1,300,0,1742,bykaranteli-hl-scan
2026-09-02,PNUT,21683,270,98.77,2,2,300,20833,267,bykaranteli-hl-scan
2026-09-02,POL,1008643,66561,93.81,2,3,300,960180,49903,bykaranteli-hl-scan
2026-09-02,POLYX,2183,0,100,1,0,300,2183,0,bykaranteli-hl-scan
2026-09-02,PONS,641122,487203,56.82,5,2,300,582940,248832,bykaranteli-hl-scan
2026-09-02,POPCAT,0,379261,0,0,5,300,0,375435,bykaranteli-hl-scan
2026-09-02,PROVE,0,45,0,0,1,300,0,45,bykaranteli-hl-scan
2026-09-02,PUMP,2812468,34875897,7.46,7,13,300,1423608,14499403,bykaranteli-hl-scan
2026-09-02,PURR,2725435,42206,98.48,4,2,300,1085600,38949,bykaranteli-hl-scan
2026-09-02,PYTH,3167,356298,0.88,1,2,300,3167,355969,bykaranteli-hl-scan
2026-09-02,RENDER,0,112332,0,0,3,300,0,99250,bykaranteli-hl-scan
2026-09-02,RESOLV,169,589,22.3,1,2,300,169,589,bykaranteli-hl-scan
2026-09-02,REZ,964,66,93.6,1,1,300,964,66,bykaranteli-hl-scan
2026-09-02,RSR,0,53,0,0,1,300,0,53,bykaranteli-hl-scan
2026-09-02,RUNE,0,103334,0,0,3,300,0,72082,bykaranteli-hl-scan
2026-09-02,S,27025,70840,27.61,1,1,300,27025,70840,bykaranteli-hl-scan
2026-09-02,SAGA,0,1649,0,0,2,300,0,1626,bykaranteli-hl-scan
2026-09-02,SAND,0,3394,0,0,2,300,0,2732,bykaranteli-hl-scan
2026-09-02,SEI,63048,245485,20.43,4,3,300,40516,238393,bykaranteli-hl-scan
2026-09-02,SKR,878,2122,29.26,2,1,300,454,2122,bykaranteli-hl-scan
2026-09-02,SKY,0,145533,0,0,3,300,0,141015,bykaranteli-hl-scan
2026-09-02,SNX,15940,0,100,1,0,300,15940,0,bykaranteli-hl-scan
2026-09-02,SOL,97032718,171387005,36.15,9,22,300,55217802,76808464,bykaranteli-hl-scan
2026-09-02,SOPH,0,177,0.24,1,2,300,0,148,bykaranteli-hl-scan
2026-09-02,SPX,16,719544,0,1,5,300,16,603762,bykaranteli-hl-scan
2026-09-02,STABLE,0,59740,0,0,2,300,0,50532,bykaranteli-hl-scan
2026-09-02,STBL,68987,256216,21.21,2,2,300,47568,256063,bykaranteli-hl-scan
2026-09-02,STRK,102749,1106019,8.5,2,5,300,102748,543336,bykaranteli-hl-scan
2026-09-02,STX,0,87631,0,0,4,300,0,61255,bykaranteli-hl-scan
2026-09-02,SUI,3223050,3350898,49.03,5,9,300,2442123,1335846,bykaranteli-hl-scan
2026-09-02,SUPER,0,97,0,0,1,300,0,97,bykaranteli-hl-scan
2026-09-02,SUSHI,42,0,100,1,0,300,42,0,bykaranteli-hl-scan
2026-09-02,SYRUP,11158,7951,58.39,1,2,300,11158,6109,bykaranteli-hl-scan
2026-09-02,TAO,38294,4419918,0.86,5,6,300,31972,1849899,bykaranteli-hl-scan
2026-09-02,TIA,46069,415533,9.98,3,3,300,32168,342269,bykaranteli-hl-scan
2026-09-02,TRB,44314,0,100,2,0,300,44294,0,bykaranteli-hl-scan
2026-09-02,TRUMP,40803,1466527,2.71,3,6,300,37201,569381,bykaranteli-hl-scan
2026-09-02,TRX,1286167,59875,95.55,2,2,300,1244871,59803,bykaranteli-hl-scan
2026-09-02,TURBO,1,9911,0.01,1,1,300,1,9911,bykaranteli-hl-scan
2026-09-02,UMA,21356,0,100,1,0,300,21356,0,bykaranteli-hl-scan
2026-09-02,UNI,1274278,5543487,18.69,3,9,300,1010137,2004731,bykaranteli-hl-scan
2026-09-02,USUAL,19127,1,100,2,1,300,19127,1,bykaranteli-hl-scan
2026-09-02,VIRTUAL,113298,1798276,5.93,1,5,300,113298,766679,bykaranteli-hl-scan
2026-09-02,VVV,3268261,3336124,49.49,3,6,300,3261608,1295760,bykaranteli-hl-scan
2026-09-02,W,35520,382802,8.49,1,2,300,35520,382399,bykaranteli-hl-scan
2026-09-02,WCT,0,114,0,0,1,300,0,114,bykaranteli-hl-scan
2026-09-02,WIF,502799,479865,51.17,1,6,300,502799,273971,bykaranteli-hl-scan
2026-09-02,WLD,369002,6568871,5.32,5,9,300,309790,2829375,bykaranteli-hl-scan
2026-09-02,WLFI,1142623,3069044,27.13,4,5,300,404718,1950327,bykaranteli-hl-scan
2026-09-02,XAI,16185,34757,31.77,1,1,300,16185,34757,bykaranteli-hl-scan
2026-09-02,XLM,1594090,808506,66.35,3,4,300,875800,358229,bykaranteli-hl-scan
2026-09-02,XMR,2231554,10073683,18.13,2,8,300,2054126,5058717,bykaranteli-hl-scan
2026-09-02,XPL,828799,8133904,9.25,2,11,300,812037,3740784,bykaranteli-hl-scan
2026-09-02,XRP,49134144,54640515,47.35,7,18,300,47264405,15794794,bykaranteli-hl-scan
2026-09-02,ZEC,13934487,75278686,15.62,11,13,300,6520080,26702981,bykaranteli-hl-scan
2026-09-02,ZEN,0,143744,0,0,2,300,0,143644,bykaranteli-hl-scan
2026-09-02,ZETA,49297,366745,11.85,1,1,300,49297,366745,bykaranteli-hl-scan
2026-09-02,ZK,3723,9,99.76,1,1,300,3723,9,bykaranteli-hl-scan
2026-09-02,ZORA,1,4044,0.03,1,1,300,1,4044,bykaranteli-hl-scan
2026-09-02,ZRO,1023342,4749630,17.73,3,5,300,727233,2817156,bykaranteli-hl-scan
2026-09-02,kBONK,1492,792842,0.19,1,4,300,1492,661663,bykaranteli-hl-scan
2026-09-02,kFLOKI,319,37822,0.84,1,2,300,319,25455,bykaranteli-hl-scan
2026-09-02,kLUNC,8727,0,100,1,0,300,8727,0,bykaranteli-hl-scan
2026-09-02,kNEIRO,0,5127,0,0,1,300,0,5127,bykaranteli-hl-scan
2026-09-02,kPEPE,568363,2673221,17.53,2,5,300,442167,1043197,bykaranteli-hl-scan
2026-09-02,kSHIB,0,544738,0,0,4,300,0,383984,bykaranteli-hl-scan
2026-09-03,0G,3934,0,100,2,0,300,3933,0,bykaranteli-hl-scan
2026-09-03,2Z,102800,82345,55.52,2,2,300,100798,82018,bykaranteli-hl-scan
2026-09-03,AAVE,5078687,10893057,31.8,5,10,300,2221220,2000654,bykaranteli-hl-scan
2026-09-03,ACE,2541,0,100,1,0,300,2541,0,bykaranteli-hl-scan
2026-09-03,ADA,991699,3030048,24.66,5,7,300,827337,1468347,bykaranteli-hl-scan
2026-09-03,AERO,0,817145,0,0,3,300,0,650765,bykaranteli-hl-scan
2026-09-03,AIXBT,0,24812,0,0,3,300,0,20415,bykaranteli-hl-scan
2026-09-03,ALGO,428507,393179,52.15,1,3,300,428507,224111,bykaranteli-hl-scan
2026-09-03,ALT,40773,273467,12.98,1,1,300,40773,273467,bykaranteli-hl-scan
2026-09-03,ANIME,729,42707,1.68,2,1,300,583,42707,bykaranteli-hl-scan
2026-09-03,APE,0,187303,0,0,4,300,0,144915,bykaranteli-hl-scan
2026-09-03,APEX,0,126432,0,0,3,300,0,66974,bykaranteli-hl-scan
2026-09-03,APT,99484,230511,30.15,2,3,300,99475,203520,bykaranteli-hl-scan
2026-09-03,AR,0,149478,0,0,2,300,0,149401,bykaranteli-hl-scan
2026-09-03,ARB,3,2891348,0,1,5,300,3,1663846,bykaranteli-hl-scan
2026-09-03,ASTER,462050,2390713,16.2,1,8,300,462050,1910287,bykaranteli-hl-scan
2026-09-03,ATOM,67390,548341,10.94,2,3,300,48334,488920,bykaranteli-hl-scan
2026-09-03,AVAX,672558,1400458,32.44,2,10,300,520796,622361,bykaranteli-hl-scan
2026-09-03,AVNT,30630,70992,30.14,1,2,300,30630,69737,bykaranteli-hl-scan
2026-09-03,AZTEC,0,86,0,0,1,300,0,86,bykaranteli-hl-scan
2026-09-03,BABY,0,3854,0,0,1,300,0,3854,bykaranteli-hl-scan
2026-09-03,BANANA,0,64,0,0,2,300,0,43,bykaranteli-hl-scan
2026-09-03,BCH,578866,518090,52.77,1,4,300,578866,276918,bykaranteli-hl-scan
2026-09-03,BERA,23831,389556,5.76,3,2,300,23453,389534,bykaranteli-hl-scan
2026-09-03,BIO,0,2989,0,0,3,300,0,2460,bykaranteli-hl-scan
2026-09-03,BLUR,205282,255811,44.52,1,3,300,205282,254455,bykaranteli-hl-scan
2026-09-03,BNB,2946581,3269865,47.4,3,9,300,1433354,1161030,bykaranteli-hl-scan
2026-09-03,BOME,0,4921,0,0,3,300,0,3970,bykaranteli-hl-scan
2026-09-03,BRETT,50,0,100,1,0,300,50,0,bykaranteli-hl-scan
2026-09-03,BSV,0,39,0,0,1,300,0,39,bykaranteli-hl-scan
2026-09-03,BTC,370919094,486011498,43.28,20,20,300,120861138,144786899,bykaranteli-hl-scan
2026-09-03,CAKE,102,2608,3.76,1,1,300,102,2608,bykaranteli-hl-scan
2026-09-03,CASHCAT,1091111,7864389,12.18,3,5,300,615024,4841956,bykaranteli-hl-scan
2026-09-03,CC,781,304498,0.26,1,2,300,781,242080,bykaranteli-hl-scan
2026-09-03,CFX,0,28370,0,0,2,300,0,28324,bykaranteli-hl-scan
2026-09-03,CHIP,6,20661,0.03,1,3,300,6,17542,bykaranteli-hl-scan
2026-09-03,COMP,0,28934,0,0,2,300,0,28902,bykaranteli-hl-scan
2026-09-03,CRV,590587,1371230,30.1,1,6,300,590587,412579,bykaranteli-hl-scan
2026-09-03,DASH,0,15046,0,0,3,300,0,7182,bykaranteli-hl-scan
2026-09-03,DOGE,1215822,12774146,8.69,3,11,300,688430,3901727,bykaranteli-hl-scan
2026-09-03,DOT,130569,759640,14.67,4,2,300,101844,637439,bykaranteli-hl-scan
2026-09-03,DYDX,508004,839,99.84,2,1,300,505410,839,bykaranteli-hl-scan
2026-09-03,DYM,0,47958,0,0,1,300,0,47958,bykaranteli-hl-scan
2026-09-03,EIGEN,0,433781,0,0,3,300,0,425207,bykaranteli-hl-scan
2026-09-03,ENA,5806681,7306383,44.28,3,13,300,4499700,1924202,bykaranteli-hl-scan
2026-09-03,ENS,0,40347,0,0,2,300,0,40147,bykaranteli-hl-scan
2026-09-03,ETC,181632,3514,98.1,1,1,300,181632,3514,bykaranteli-hl-scan
2026-09-03,ETH,356289682,512555779,41.01,16,20,300,107812866,149646091,bykaranteli-hl-scan
2026-09-03,ETHFI,470759,637064,42.49,3,4,300,468929,298675,bykaranteli-hl-scan
2026-09-03,FARTCOIN,498374,9018453,5.24,7,8,300,281823,3742564,bykaranteli-hl-scan
2026-09-03,FET,66966,233741,22.27,2,2,300,65343,145588,bykaranteli-hl-scan
2026-09-03,FIL,27561,493555,5.29,3,3,300,15697,362048,bykaranteli-hl-scan
2026-09-03,FOGO,0,591,0,0,2,300,0,573,bykaranteli-hl-scan
2026-09-03,GALA,1002,798,55.67,1,1,300,1002,798,bykaranteli-hl-scan
2026-09-03,GMT,570,0,100,1,0,300,570,0,bykaranteli-hl-scan
2026-09-03,GMX,0,2397,0,0,1,300,0,2397,bykaranteli-hl-scan
2026-09-03,GOAT,3,4781,0.07,1,1,300,3,4781,bykaranteli-hl-scan
2026-09-03,GRAM,1213,1622904,0.07,1,6,300,1213,875061,bykaranteli-hl-scan
2026-09-03,GRASS,546662,893336,37.96,2,8,300,545333,324593,bykaranteli-hl-scan
2026-09-03,GRIFFAIN,0,42,0,0,1,300,0,42,bykaranteli-hl-scan
2026-09-03,HBAR,0,497710,0,0,3,300,0,266408,bykaranteli-hl-scan
2026-09-03,HEMI,0,864,0,0,2,300,0,521,bykaranteli-hl-scan
2026-09-03,HYPE,292288211,405880488,41.86,19,29,300,112822490,76868042,bykaranteli-hl-scan
2026-09-03,HYPER,0,237,0,0,1,300,0,237,bykaranteli-hl-scan
2026-09-03,ICP,91963,202878,31.19,1,2,300,91963,202878,bykaranteli-hl-scan
2026-09-03,IMX,0,22359,0,0,2,300,0,21840,bykaranteli-hl-scan
2026-09-03,INIT,0,5948,0,0,1,300,0,5948,bykaranteli-hl-scan
2026-09-03,INJ,0,285262,0,0,4,300,0,255409,bykaranteli-hl-scan
2026-09-03,IO,1014,190167,0.53,1,2,300,1014,188064,bykaranteli-hl-scan
2026-09-03,IOTA,9725,162134,5.66,1,1,300,9725,162134,bykaranteli-hl-scan
2026-09-03,JTO,339988,246978,57.92,1,3,300,339988,135361,bykaranteli-hl-scan
2026-09-03,JUP,4223,1088121,0.39,1,3,300,4223,1084450,bykaranteli-hl-scan
2026-09-03,KAITO,18,5234,0.35,2,3,300,11,4889,bykaranteli-hl-scan
2026-09-03,KAS,0,5146,0,0,1,300,0,5146,bykaranteli-hl-scan
2026-09-03,LAYER,12,3416,0.34,2,2,300,11,3354,bykaranteli-hl-scan
2026-09-03,LDO,1727061,1145934,60.11,3,3,300,1080370,618067,bykaranteli-hl-scan
2026-09-03,LINEA,0,1357,0,0,2,300,0,1037,bykaranteli-hl-scan
2026-09-03,LINK,2263071,13659091,14.21,1,11,300,2263071,4855761,bykaranteli-hl-scan
2026-09-03,LIT,25333747,15805351,61.58,6,11,300,19248496,7823870,bykaranteli-hl-scan
2026-09-03,LTC,131464,2352141,5.29,2,7,300,130793,1149280,bykaranteli-hl-scan
2026-09-03,ME,0,0,100,1,0,300,0,0,bykaranteli-hl-scan
2026-09-03,MEGA,0,752,0,0,2,300,0,736,bykaranteli-hl-scan
2026-09-03,MELANIA,340009,359254,48.62,3,2,300,196847,358662,bykaranteli-hl-scan
2026-09-03,MEME,0,117306,0,0,1,300,0,117306,bykaranteli-hl-scan
2026-09-03,MERL,236,0,100,1,0,300,236,0,bykaranteli-hl-scan
2026-09-03,MET,0,440,0,0,3,300,0,346,bykaranteli-hl-scan
2026-09-03,MINA,55353,554018,9.08,1,2,300,55353,487009,bykaranteli-hl-scan
2026-09-03,MNT,14542,156122,8.52,1,3,300,14542,155996,bykaranteli-hl-scan
2026-09-03,MON,0,2476590,0,0,6,300,0,1526848,bykaranteli-hl-scan
2026-09-03,MOODENG,668,70211,0.94,2,2,300,659,70154,bykaranteli-hl-scan
2026-09-03,MORPHO,467,1066984,0.04,1,4,300,467,496672,bykaranteli-hl-scan
2026-09-03,MOVE,0,279,0,0,2,300,0,240,bykaranteli-hl-scan
2026-09-03,NEAR,1408432,10631248,11.7,5,13,300,539187,3386593,bykaranteli-hl-scan
2026-09-03,NEO,0,12812,0,0,2,300,0,12789,bykaranteli-hl-scan
2026-09-03,NIL,0,155,0,0,1,300,0,155,bykaranteli-hl-scan
2026-09-03,NXPC,0,606,0,0,1,300,0,606,bykaranteli-hl-scan
2026-09-03,ONDO,1882830,2818883,40.05,3,7,300,911081,1384203,bykaranteli-hl-scan
2026-09-03,OP,18303,714084,2.5,2,4,300,16620,388162,bykaranteli-hl-scan
2026-09-03,ORDI,2065,0,100,1,0,300,2065,0,bykaranteli-hl-scan
2026-09-03,PAXG,1888644,1096082,63.28,4,3,300,1056679,708353,bykaranteli-hl-scan
2026-09-03,PENDLE,1077272,1204462,47.21,2,4,300,1077220,914682,bykaranteli-hl-scan
2026-09-03,PENGU,1071,1620930,0.07,1,5,300,1071,1135251,bykaranteli-hl-scan
2026-09-03,PEOPLE,0,1762,0,0,1,300,0,1762,bykaranteli-hl-scan
2026-09-03,PNUT,21715,270,98.77,2,2,300,20864,268,bykaranteli-hl-scan
2026-09-03,POL,1011140,66345,93.84,2,2,300,962557,50018,bykaranteli-hl-scan
2026-09-03,POLYX,2217,0,100,1,0,300,2217,0,bykaranteli-hl-scan
2026-09-03,PONS,656817,1163390,36.08,2,5,300,656238,406503,bykaranteli-hl-scan
2026-09-03,POPCAT,0,381367,0,0,5,300,0,377525,bykaranteli-hl-scan
2026-09-03,PROVE,0,46,0,0,1,300,0,46,bykaranteli-hl-scan
2026-09-03,PUMP,2934416,37550393,7.25,5,14,300,1491182,15201907,bykaranteli-hl-scan
2026-09-03,PURR,2697993,41790,98.47,4,2,300,1075000,38565,bykaranteli-hl-scan
2026-09-03,PYTH,3142,350750,0.89,1,2,300,3142,350423,bykaranteli-hl-scan
2026-09-03,RENDER,0,114145,0,0,3,300,0,100957,bykaranteli-hl-scan
2026-09-03,RESOLV,170,591,22.3,1,2,300,170,591,bykaranteli-hl-scan
2026-09-03,REZ,987,67,93.6,1,1,300,987,67,bykaranteli-hl-scan
2026-09-03,RSR,0,54,0,0,1,300,0,54,bykaranteli-hl-scan
2026-09-03,RUNE,0,103115,0,0,3,300,0,72266,bykaranteli-hl-scan
2026-09-03,S,30794,71041,30.24,1,1,300,30794,71041,bykaranteli-hl-scan
2026-09-03,SAGA,0,1653,0,0,2,300,0,1631,bykaranteli-hl-scan
2026-09-03,SAND,0,3355,0,0,2,300,0,2701,bykaranteli-hl-scan
2026-09-03,SEI,56205,243504,18.75,4,3,300,33860,236467,bykaranteli-hl-scan
2026-09-03,SKR,1165,2047,36.27,2,1,300,777,2047,bykaranteli-hl-scan
2026-09-03,SKY,0,137249,0,0,3,300,0,132726,bykaranteli-hl-scan
2026-09-03,SNX,15607,0,100,1,0,300,15607,0,bykaranteli-hl-scan
2026-09-03,SOL,96757627,172491887,35.94,9,21,300,55060367,76647809,bykaranteli-hl-scan
2026-09-03,SOPH,0,173,0.24,1,2,300,0,145,bykaranteli-hl-scan
2026-09-03,SPX,16,714648,0,1,5,300,16,599918,bykaranteli-hl-scan
2026-09-03,STABLE,0,59436,0,0,2,300,0,50217,bykaranteli-hl-scan
2026-09-03,STBL,69791,260369,21.14,2,2,300,47963,260214,bykaranteli-hl-scan
2026-09-03,STRK,101941,1096638,8.51,2,5,300,101940,538655,bykaranteli-hl-scan
2026-09-03,STX,0,92466,0,0,4,300,0,64585,bykaranteli-hl-scan
2026-09-03,SUI,3323152,3536586,48.44,5,8,300,2510183,1371867,bykaranteli-hl-scan
2026-09-03,SUPER,0,97,0,0,1,300,0,97,bykaranteli-hl-scan
2026-09-03,SUSHI,42,0,100,1,0,300,42,0,bykaranteli-hl-scan
2026-09-03,SYRUP,11055,7876,58.4,1,2,300,11055,6050,bykaranteli-hl-scan
2026-09-03,TAO,38585,4444061,0.86,5,6,300,32216,1854924,bykaranteli-hl-scan
2026-09-03,TIA,46203,435594,9.59,3,3,300,32201,345260,bykaranteli-hl-scan
2026-09-03,TRB,45315,0,100,2,0,300,45295,0,bykaranteli-hl-scan
2026-09-03,TRUMP,2080,1498151,0.14,2,7,300,1678,567401,bykaranteli-hl-scan
2026-09-03,TRX,1219237,59998,95.31,2,3,300,1177874,59905,bykaranteli-hl-scan
2026-09-03,TURBO,1,9953,0.01,1,1,300,1,9953,bykaranteli-hl-scan
2026-09-03,UMA,21550,0,100,1,0,300,21550,0,bykaranteli-hl-scan
2026-09-03,UNI,1259870,5723962,18.04,3,10,300,989967,1993664,bykaranteli-hl-scan
2026-09-03,USUAL,19233,1,100,2,1,300,19232,1,bykaranteli-hl-scan
2026-09-03,VIRTUAL,114023,1797607,5.96,1,5,300,114023,769595,bykaranteli-hl-scan
2026-09-03,VVV,3305136,3382486,49.42,3,6,300,3300070,1311024,bykaranteli-hl-scan
2026-09-03,W,35410,449382,7.3,1,3,300,35410,384107,bykaranteli-hl-scan
2026-09-03,WCT,0,115,0,0,1,300,0,115,bykaranteli-hl-scan
2026-09-03,WIF,505782,473511,51.65,1,5,300,505782,275759,bykaranteli-hl-scan
2026-09-03,WLD,318141,3811639,7.7,4,8,300,315001,2048287,bykaranteli-hl-scan
2026-09-03,WLFI,1027764,2359653,30.34,3,4,300,404062,1951860,bykaranteli-hl-scan
2026-09-03,XAI,16273,34947,31.77,1,1,300,16273,34947,bykaranteli-hl-scan
2026-09-03,XLM,1602040,822397,66.08,3,4,300,880150,358776,bykaranteli-hl-scan
2026-09-03,XMR,28693084,6744602,80.97,3,7,300,26143498,5210803,bykaranteli-hl-scan
2026-09-03,XPL,830775,8797046,8.63,1,11,300,830775,3970460,bykaranteli-hl-scan
2026-09-03,XRP,49455826,56672057,46.6,6,19,300,47579688,15907771,bykaranteli-hl-scan
2026-09-03,ZEC,13425160,77278278,14.8,10,13,300,6539200,26783569,bykaranteli-hl-scan
2026-09-03,ZEN,0,138288,0,0,2,300,0,138187,bykaranteli-hl-scan
2026-09-03,ZETA,50200,381652,11.62,1,1,300,50200,381652,bykaranteli-hl-scan
2026-09-03,ZK,3760,9,99.76,1,1,300,3760,9,bykaranteli-hl-scan
2026-09-03,ZORA,1,4162,0.03,1,1,300,1,4162,bykaranteli-hl-scan
2026-09-03,ZRO,1054676,4983361,17.47,3,5,300,761469,2943877,bykaranteli-hl-scan
2026-09-03,kBONK,1494,797797,0.19,1,4,300,1494,665656,bykaranteli-hl-scan
2026-09-03,kFLOKI,5977,37615,13.71,1,2,300,5977,25198,bykaranteli-hl-scan
2026-09-03,kLUNC,8768,0,100,1,0,300,8768,0,bykaranteli-hl-scan
2026-09-03,kNEIRO,0,5143,0,0,1,300,0,5143,bykaranteli-hl-scan
2026-09-03,kPEPE,518369,2664418,16.29,2,5,300,393210,1033165,bykaranteli-hl-scan
2026-09-03,kSHIB,0,550138,0,0,4,300,0,388526,bykaranteli-hl-scan
