date,venue,country,symbol,venue_usd,binance_usd,premium_pct,source
2026-08-21,bithumb,KR,BTC,78185.72469,78186.32,-0.0008,bykaranteli-venue-snapshot
2026-08-21,bithumb,KR,ETH,2513.474144,2512.93,0.0217,bykaranteli-venue-snapshot
2026-08-21,bithumb,KR,XRP,1.451566,1.4499,0.1149,bykaranteli-venue-snapshot
2026-08-21,btcturk,TR,BTC,78247,78186.32,0.0776,bykaranteli-venue-snapshot
2026-08-21,btcturk,TR,ETH,2511.2,2512.93,-0.0688,bykaranteli-venue-snapshot
2026-08-21,btcturk,TR,XRP,1.4516,1.4499,0.1172,bykaranteli-venue-snapshot
2026-08-21,coinone,KR,BTC,77559.365134,78186.32,-0.8019,bykaranteli-venue-snapshot
2026-08-21,coinone,KR,ETH,2492.360374,2512.93,-0.8186,bykaranteli-venue-snapshot
2026-08-21,coinone,KR,XRP,1.437622,1.4499,-0.8468,bykaranteli-venue-snapshot
2026-08-21,upbit,KR,BTC,78241.806264,78186.32,0.071,bykaranteli-venue-snapshot
2026-08-21,upbit,KR,ETH,2512.745812,2512.93,-0.0073,bykaranteli-venue-snapshot
2026-08-21,upbit,KR,XRP,1.449381,1.4499,-0.0358,bykaranteli-venue-snapshot
2026-08-22,bithumb,KR,BTC,77135.865595,77087.85,0.0623,bykaranteli-venue-snapshot
2026-08-22,bithumb,KR,ETH,2425.127831,2424.57,0.023,bykaranteli-venue-snapshot
2026-08-22,bithumb,KR,XRP,1.464573,1.4639,0.046,bykaranteli-venue-snapshot
2026-08-22,btcturk,TR,BTC,77050,77087.85,-0.0491,bykaranteli-venue-snapshot
2026-08-22,btcturk,TR,ETH,2420,2424.57,-0.1885,bykaranteli-venue-snapshot
2026-08-22,btcturk,TR,XRP,1.466,1.4639,0.1435,bykaranteli-venue-snapshot
2026-08-22,coinone,KR,BTC,76266.227433,77087.85,-1.0658,bykaranteli-venue-snapshot
2026-08-22,coinone,KR,ETH,2399.167768,2424.57,-1.0477,bykaranteli-venue-snapshot
2026-08-22,coinone,KR,XRP,1.449181,1.4639,-1.0055,bykaranteli-venue-snapshot
2026-08-22,upbit,KR,BTC,77023.357664,77087.85,-0.0837,bykaranteli-venue-snapshot
2026-08-22,upbit,KR,ETH,2422.627737,2424.57,-0.0801,bykaranteli-venue-snapshot
2026-08-22,upbit,KR,XRP,1.463504,1.4639,-0.0271,bykaranteli-venue-snapshot
2026-08-23,bithumb,KR,BTC,77543.731778,77565.56,-0.0281,bykaranteli-venue-snapshot
2026-08-23,bithumb,KR,ETH,2456.997085,2458.16,-0.0473,bykaranteli-venue-snapshot
2026-08-23,bithumb,KR,XRP,1.521866,1.5228,-0.0613,bykaranteli-venue-snapshot
2026-08-23,btcturk,TR,BTC,77529,77565.56,-0.0471,bykaranteli-venue-snapshot
2026-08-23,btcturk,TR,ETH,2448.8,2458.16,-0.3808,bykaranteli-venue-snapshot
2026-08-23,btcturk,TR,XRP,1.5208,1.5228,-0.1313,bykaranteli-venue-snapshot
2026-08-23,coinone,KR,BTC,76851.390304,77565.56,-0.9207,bykaranteli-venue-snapshot
2026-08-23,coinone,KR,ETH,2436.011356,2458.16,-0.901,bykaranteli-venue-snapshot
2026-08-23,coinone,KR,XRP,1.50842,1.5228,-0.9443,bykaranteli-venue-snapshot
2026-08-23,upbit,KR,BTC,77540.087464,77565.56,-0.0328,bykaranteli-venue-snapshot
2026-08-23,upbit,KR,ETH,2458.45481,2458.16,0.012,bykaranteli-venue-snapshot
2026-08-23,upbit,KR,XRP,1.521866,1.5228,-0.0613,bykaranteli-venue-snapshot
2026-08-24,bithumb,KR,BTC,78914.181818,78888.01,0.0332,bykaranteli-venue-snapshot
2026-08-24,bithumb,KR,ETH,2480,2478.64,0.0549,bykaranteli-venue-snapshot
2026-08-24,bithumb,KR,XRP,1.480727,1.481,-0.0184,bykaranteli-venue-snapshot
2026-08-24,btcturk,TR,BTC,78905,78888.01,0.0215,bykaranteli-venue-snapshot
2026-08-24,btcturk,TR,ETH,2485.4,2478.64,0.2727,bykaranteli-venue-snapshot
2026-08-24,btcturk,TR,XRP,1.4802,1.481,-0.054,bykaranteli-venue-snapshot
2026-08-24,coinone,KR,BTC,78424.573418,78888.01,-0.5875,bykaranteli-venue-snapshot
2026-08-24,coinone,KR,ETH,2464.132461,2478.64,-0.5853,bykaranteli-venue-snapshot
2026-08-24,coinone,KR,XRP,1.470822,1.481,-0.6872,bykaranteli-venue-snapshot
2026-08-24,upbit,KR,BTC,78873.546512,78888.01,-0.0183,bykaranteli-venue-snapshot
2026-08-24,upbit,KR,ETH,2478.197674,2478.64,-0.0178,bykaranteli-venue-snapshot
2026-08-24,upbit,KR,XRP,1.481105,1.481,0.0071,bykaranteli-venue-snapshot
2026-08-25,bithumb,KR,BTC,78467.28972,78484.01,-0.0213,bykaranteli-venue-snapshot
2026-08-25,bithumb,KR,ETH,2440.690151,2440.73,-0.0016,bykaranteli-venue-snapshot
2026-08-25,bithumb,KR,XRP,1.432782,1.4324,0.0267,bykaranteli-venue-snapshot
2026-08-25,btcturk,TR,BTC,78526,78484.01,0.0535,bykaranteli-venue-snapshot
2026-08-25,btcturk,TR,ETH,2448.2,2440.73,0.3061,bykaranteli-venue-snapshot
2026-08-25,btcturk,TR,XRP,1.4353,1.4324,0.2025,bykaranteli-venue-snapshot
2026-08-25,coinone,KR,BTC,78925.867816,78484.01,0.563,bykaranteli-venue-snapshot
2026-08-25,coinone,KR,ETH,2453.961115,2440.73,0.5421,bykaranteli-venue-snapshot
2026-08-25,coinone,KR,XRP,1.440997,1.4324,0.6002,bykaranteli-venue-snapshot
2026-08-25,upbit,KR,BTC,78474.478792,78484.01,-0.0121,bykaranteli-venue-snapshot
2026-08-25,upbit,KR,ETH,2439.252336,2440.73,-0.0605,bykaranteli-venue-snapshot
2026-08-25,upbit,KR,XRP,1.432063,1.4324,-0.0235,bykaranteli-venue-snapshot
2026-08-26,bithumb,KR,BTC,79100,79061.81,0.0483,bykaranteli-venue-snapshot
2026-08-26,bithumb,KR,ETH,2505.755396,2504.45,0.0521,bykaranteli-venue-snapshot
2026-08-26,bithumb,KR,XRP,1.423741,1.4231,0.045,bykaranteli-venue-snapshot
2026-08-26,btcturk,TR,BTC,78994,79061.81,-0.0858,bykaranteli-venue-snapshot
2026-08-26,btcturk,TR,ETH,2500.7,2504.45,-0.1497,bykaranteli-venue-snapshot
2026-08-26,btcturk,TR,XRP,1.426,1.4231,0.2038,bykaranteli-venue-snapshot
2026-08-26,coinone,KR,BTC,79451.242871,79061.81,0.4926,bykaranteli-venue-snapshot
2026-08-26,coinone,KR,ETH,2517.546206,2504.45,0.5229,bykaranteli-venue-snapshot
2026-08-26,coinone,KR,XRP,1.429718,1.4231,0.465,bykaranteli-venue-snapshot
2026-08-26,upbit,KR,BTC,79071.223022,79061.81,0.0119,bykaranteli-venue-snapshot
2026-08-26,upbit,KR,ETH,2503.597122,2504.45,-0.0341,bykaranteli-venue-snapshot
2026-08-26,upbit,KR,XRP,1.423022,1.4231,-0.0055,bykaranteli-venue-snapshot
2026-08-27,bithumb,KR,BTC,80309.696093,80272.6,0.0462,bykaranteli-venue-snapshot
2026-08-27,bithumb,KR,ETH,2512.301013,2511.4,0.0359,bykaranteli-venue-snapshot
2026-08-27,bithumb,KR,XRP,1.452967,1.4529,0.0046,bykaranteli-venue-snapshot
2026-08-27,btcturk,TR,BTC,80226,80272.6,-0.0581,bykaranteli-venue-snapshot
2026-08-27,btcturk,TR,ETH,2512.8,2511.4,0.0557,bykaranteli-venue-snapshot
2026-08-27,btcturk,TR,XRP,1.4533,1.4529,0.0275,bykaranteli-venue-snapshot
2026-08-27,coinone,KR,BTC,80398.151234,80272.6,0.1564,bykaranteli-venue-snapshot
2026-08-27,coinone,KR,ETH,2515.973862,2511.4,0.1821,bykaranteli-venue-snapshot
2026-08-27,coinone,KR,XRP,1.455396,1.4529,0.1718,bykaranteli-venue-snapshot
2026-08-27,upbit,KR,BTC,80327.062229,80272.6,0.0678,bykaranteli-venue-snapshot
2026-08-27,upbit,KR,ETH,2512.301013,2511.4,0.0359,bykaranteli-venue-snapshot
2026-08-27,upbit,KR,XRP,1.452243,1.4529,-0.0452,bykaranteli-venue-snapshot
2026-08-28,bithumb,KR,BTC,77770.562771,77794.02,-0.0302,bykaranteli-venue-snapshot
2026-08-28,bithumb,KR,ETH,2442.279942,2442.5,-0.009,bykaranteli-venue-snapshot
2026-08-28,bithumb,KR,XRP,1.383117,1.3832,-0.006,bykaranteli-venue-snapshot
2026-08-28,btcturk,TR,BTC,77672,77794.02,-0.1569,bykaranteli-venue-snapshot
2026-08-28,btcturk,TR,ETH,2442.2,2442.5,-0.0123,bykaranteli-venue-snapshot
2026-08-28,btcturk,TR,XRP,1.3831,1.3832,-0.0072,bykaranteli-venue-snapshot
2026-08-28,coinone,KR,BTC,78440.216798,77794.02,0.8307,bykaranteli-venue-snapshot
2026-08-28,coinone,KR,ETH,2463.351642,2442.5,0.8537,bykaranteli-venue-snapshot
2026-08-28,coinone,KR,XRP,1.395366,1.3832,0.8795,bykaranteli-venue-snapshot
2026-08-28,upbit,KR,BTC,77733.766234,77794.02,-0.0775,bykaranteli-venue-snapshot
2026-08-28,upbit,KR,ETH,2441.558442,2442.5,-0.0385,bykaranteli-venue-snapshot
2026-08-28,upbit,KR,XRP,1.382395,1.3832,-0.0582,bykaranteli-venue-snapshot
2026-08-29,bithumb,KR,BTC,78207.045291,78242.56,-0.0454,bykaranteli-venue-snapshot
2026-08-29,bithumb,KR,ETH,2457.225018,2458.17,-0.0384,bykaranteli-venue-snapshot
2026-08-29,bithumb,KR,XRP,1.396118,1.3968,-0.0488,bykaranteli-venue-snapshot
2026-08-29,btcturk,TR,BTC,78212,78242.56,-0.0391,bykaranteli-venue-snapshot
2026-08-29,btcturk,TR,ETH,2455.8,2458.17,-0.0964,bykaranteli-venue-snapshot
2026-08-29,btcturk,TR,XRP,1.3961,1.3968,-0.0501,bykaranteli-venue-snapshot
2026-08-29,coinone,KR,BTC,79167.72762,78242.56,1.1824,bykaranteli-venue-snapshot
2026-08-29,coinone,KR,ETH,2486.631989,2458.17,1.1579,bykaranteli-venue-snapshot
2026-08-29,coinone,KR,XRP,1.413554,1.3968,1.1994,bykaranteli-venue-snapshot
2026-08-29,upbit,KR,BTC,78255.395683,78242.56,0.0164,bykaranteli-venue-snapshot
2026-08-29,upbit,KR,ETH,2460.431655,2458.17,0.092,bykaranteli-venue-snapshot
2026-08-29,upbit,KR,XRP,1.396403,1.3968,-0.0284,bykaranteli-venue-snapshot
2026-08-30,bithumb,KR,BTC,77599.568656,77574.65,0.0321,bykaranteli-venue-snapshot
2026-08-30,bithumb,KR,ETH,2416.966211,2415.65,0.0545,bykaranteli-venue-snapshot
2026-08-30,bithumb,KR,XRP,1.357297,1.3564,0.0661,bykaranteli-venue-snapshot
2026-08-30,btcturk,TR,BTC,77611,77574.65,0.0469,bykaranteli-venue-snapshot
2026-08-30,btcturk,TR,ETH,2416,2415.65,0.0145,bykaranteli-venue-snapshot
2026-08-30,btcturk,TR,XRP,1.3572,1.3564,0.059,bykaranteli-venue-snapshot
2026-08-30,coinone,KR,BTC,78527.518097,77574.65,1.2283,bykaranteli-venue-snapshot
2026-08-30,coinone,KR,ETH,2445.891383,2415.65,1.2519,bykaranteli-venue-snapshot
2026-08-30,coinone,KR,XRP,1.372813,1.3564,1.21,bykaranteli-venue-snapshot
2026-08-30,upbit,KR,BTC,77591.660676,77574.65,0.0219,bykaranteli-venue-snapshot
2026-08-30,upbit,KR,ETH,2416.966211,2415.65,0.0545,bykaranteli-venue-snapshot
2026-08-30,upbit,KR,XRP,1.357297,1.3564,0.0661,bykaranteli-venue-snapshot
2026-08-31,bithumb,KR,BTC,78553.701016,78556.53,-0.0036,bykaranteli-venue-snapshot
2026-08-31,bithumb,KR,ETH,2465.892598,2466.13,-0.0096,bykaranteli-venue-snapshot
2026-08-31,bithumb,KR,XRP,1.379536,1.3792,0.0243,bykaranteli-venue-snapshot
2026-08-31,btcturk,TR,BTC,78538,78556.53,-0.0236,bykaranteli-venue-snapshot
2026-08-31,btcturk,TR,ETH,2464.6,2466.13,-0.062,bykaranteli-venue-snapshot
2026-08-31,btcturk,TR,XRP,1.3797,1.3792,0.0363,bykaranteli-venue-snapshot
2026-08-31,coinone,KR,BTC,79143.00125,78556.53,0.7466,bykaranteli-venue-snapshot
2026-08-31,coinone,KR,ETH,2485.325614,2466.13,0.7784,bykaranteli-venue-snapshot
2026-08-31,coinone,KR,XRP,1.389589,1.3792,0.7533,bykaranteli-venue-snapshot
2026-08-31,upbit,KR,BTC,78592.162554,78556.53,0.0454,bykaranteli-venue-snapshot
2026-08-31,upbit,KR,ETH,2465.166909,2466.13,-0.0391,bykaranteli-venue-snapshot
2026-08-31,upbit,KR,XRP,1.37881,1.3792,-0.0283,bykaranteli-venue-snapshot
2026-09-01,bithumb,KR,BTC,77433.116414,77456.35,-0.03,bykaranteli-venue-snapshot
2026-09-01,bithumb,KR,ETH,2418.655098,2419.16,-0.0209,bykaranteli-venue-snapshot
2026-09-01,bithumb,KR,XRP,1.35141,1.3521,-0.051,bykaranteli-venue-snapshot
2026-09-01,btcturk,TR,BTC,77446,77456.35,-0.0134,bykaranteli-venue-snapshot
2026-09-01,btcturk,TR,ETH,2419.3,2419.16,0.0058,bykaranteli-venue-snapshot
2026-09-01,btcturk,TR,XRP,1.355,1.3521,0.2145,bykaranteli-venue-snapshot
2026-09-01,coinone,KR,BTC,77920.282844,77456.35,0.599,bykaranteli-venue-snapshot
2026-09-01,coinone,KR,ETH,2434.144957,2419.16,0.6194,bykaranteli-venue-snapshot
2026-09-01,coinone,KR,XRP,1.360386,1.3521,0.6128,bykaranteli-venue-snapshot
2026-09-01,upbit,KR,BTC,77433.839479,77456.35,-0.0291,bykaranteli-venue-snapshot
2026-09-01,upbit,KR,ETH,2420.101229,2419.16,0.0389,bykaranteli-venue-snapshot
2026-09-01,upbit,KR,XRP,1.352133,1.3521,0.0024,bykaranteli-venue-snapshot
2026-09-02,bithumb,KR,BTC,77264.534884,77303.46,-0.0504,bykaranteli-venue-snapshot
2026-09-02,bithumb,KR,ETH,2390.261628,2391.34,-0.0451,bykaranteli-venue-snapshot
2026-09-02,bithumb,KR,XRP,1.348837,1.3503,-0.1083,bykaranteli-venue-snapshot
2026-09-02,btcturk,TR,BTC,77162,77303.46,-0.183,bykaranteli-venue-snapshot
2026-09-02,btcturk,TR,ETH,2384.5,2391.34,-0.286,bykaranteli-venue-snapshot
2026-09-02,btcturk,TR,XRP,1.3473,1.3503,-0.2222,bykaranteli-venue-snapshot
2026-09-02,coinone,KR,BTC,78036.930484,77303.46,0.9488,bykaranteli-venue-snapshot
2026-09-02,coinone,KR,ETH,2413.838657,2391.34,0.9408,bykaranteli-venue-snapshot
2026-09-02,coinone,KR,XRP,1.362876,1.3503,0.9313,bykaranteli-venue-snapshot
2026-09-02,upbit,KR,BTC,77378.909091,77303.46,0.0976,bykaranteli-venue-snapshot
2026-09-02,upbit,KR,ETH,2392.727273,2391.34,0.058,bykaranteli-venue-snapshot
2026-09-02,upbit,KR,XRP,1.350545,1.3503,0.0182,bykaranteli-venue-snapshot
2026-09-03,bithumb,KR,BTC,81193.406593,81250.68,-0.0705,bykaranteli-venue-snapshot
2026-09-03,bithumb,KR,ETH,2505.494505,2506.76,-0.0505,bykaranteli-venue-snapshot
2026-09-03,bithumb,KR,XRP,1.448352,1.4498,-0.0999,bykaranteli-venue-snapshot
2026-09-03,btcturk,TR,BTC,81307,81250.68,0.0693,bykaranteli-venue-snapshot
2026-09-03,btcturk,TR,ETH,2506,2506.76,-0.0303,bykaranteli-venue-snapshot
2026-09-03,btcturk,TR,XRP,1.4518,1.4498,0.138,bykaranteli-venue-snapshot
2026-09-03,coinone,KR,BTC,81677.460233,81250.68,0.5253,bykaranteli-venue-snapshot
2026-09-03,coinone,KR,ETH,2520.463571,2506.76,0.5467,bykaranteli-venue-snapshot
2026-09-03,coinone,KR,XRP,1.457316,1.4498,0.5184,bykaranteli-venue-snapshot
2026-09-03,upbit,KR,BTC,81275.659824,81250.68,0.0307,bykaranteli-venue-snapshot
2026-09-03,upbit,KR,ETH,2508.064516,2506.76,0.052,bykaranteli-venue-snapshot
2026-09-03,upbit,KR,XRP,1.449413,1.4498,-0.0267,bykaranteli-venue-snapshot
2026-09-04,bithumb,KR,BTC,79660.583942,79627.68,0.0413,bykaranteli-venue-snapshot
2026-09-04,bithumb,KR,ETH,2456.20438,2454.6,0.0654,bykaranteli-venue-snapshot
2026-09-04,bithumb,KR,XRP,1.39854,1.3981,0.0315,bykaranteli-venue-snapshot
2026-09-04,btcturk,TR,BTC,79608,79627.68,-0.0247,bykaranteli-venue-snapshot
2026-09-04,btcturk,TR,ETH,2454.2,2454.6,-0.0163,bykaranteli-venue-snapshot
2026-09-04,btcturk,TR,XRP,1.3985,1.3981,0.0286,bykaranteli-venue-snapshot
2026-09-04,coinone,KR,BTC,80816.084719,79627.68,1.4925,bykaranteli-venue-snapshot
2026-09-04,coinone,KR,ETH,2491.205984,2454.6,1.4913,bykaranteli-venue-snapshot
2026-09-04,coinone,KR,XRP,1.418891,1.3981,1.4871,bykaranteli-venue-snapshot
2026-09-04,upbit,KR,BTC,79658.643326,79627.68,0.0389,bykaranteli-venue-snapshot
2026-09-04,upbit,KR,ETH,2453.683443,2454.6,-0.0373,bykaranteli-venue-snapshot
2026-09-04,upbit,KR,XRP,1.398249,1.3981,0.0107,bykaranteli-venue-snapshot
2026-09-05,bithumb,KR,BTC,79528.853178,79560.01,-0.0392,bykaranteli-venue-snapshot
2026-09-05,bithumb,KR,ETH,2449.963477,2450.32,-0.0146,bykaranteli-venue-snapshot
2026-09-05,bithumb,KR,XRP,1.39737,1.3978,-0.0307,bykaranteli-venue-snapshot
2026-09-05,btcturk,TR,BTC,79529,79560.01,-0.039,bykaranteli-venue-snapshot
2026-09-05,btcturk,TR,ETH,2447,2450.32,-0.1355,bykaranteli-venue-snapshot
2026-09-05,btcturk,TR,XRP,1.3968,1.3978,-0.0715,bykaranteli-venue-snapshot
2026-09-05,coinone,KR,BTC,80638.35302,79560.01,1.3554,bykaranteli-venue-snapshot
2026-09-05,coinone,KR,ETH,2483.800496,2450.32,1.3664,bykaranteli-venue-snapshot
2026-09-05,coinone,KR,XRP,1.41667,1.3978,1.35,bykaranteli-venue-snapshot
2026-09-05,upbit,KR,BTC,79629.385965,79560.01,0.0872,bykaranteli-venue-snapshot
2026-09-05,upbit,KR,ETH,2452.48538,2450.32,0.0884,bykaranteli-venue-snapshot
2026-09-05,upbit,KR,XRP,1.399854,1.3978,0.1469,bykaranteli-venue-snapshot
