date,symbol,exchange,metric,value,source
2026-09-03,1000PEPEUSDT,binance,global_ls_ratio,1.4777,exchange-published
2026-09-03,1000PEPEUSDT,binance,taker_buy_sell_ratio,1.2554,exchange-published
2026-09-03,1000PEPEUSDT,binance,top_account_ls_ratio,1.7632,exchange-published
2026-09-03,1000PEPEUSDT,binance,top_position_ls_ratio,2.4488,exchange-published
2026-09-03,1000PEPEUSDT,bybit,buy_ratio_pct,76.55,exchange-published
2026-09-03,1000PEPEUSDT,okx,top_position_ls_ratio,1.3909,exchange-published
2026-09-03,AAVEUSDT,binance,global_ls_ratio,1.4102,exchange-published
2026-09-03,AAVEUSDT,binance,taker_buy_sell_ratio,0.8653,exchange-published
2026-09-03,AAVEUSDT,binance,top_account_ls_ratio,1.5208,exchange-published
2026-09-03,AAVEUSDT,binance,top_position_ls_ratio,1.9906,exchange-published
2026-09-03,AAVEUSDT,bybit,buy_ratio_pct,62.71,exchange-published
2026-09-03,AAVEUSDT,okx,top_position_ls_ratio,1.2174,exchange-published
2026-09-03,ACEUSDT,binance,global_ls_ratio,0.7848,exchange-published
2026-09-03,ACEUSDT,binance,taker_buy_sell_ratio,1.5437,exchange-published
2026-09-03,ACEUSDT,binance,top_account_ls_ratio,0.9573,exchange-published
2026-09-03,ACEUSDT,binance,top_position_ls_ratio,1.3038,exchange-published
2026-09-03,ACEUSDT,bybit,buy_ratio_pct,59.96,exchange-published
2026-09-03,ADAUSDT,binance,global_ls_ratio,1.7724,exchange-published
2026-09-03,ADAUSDT,binance,taker_buy_sell_ratio,0.9476,exchange-published
2026-09-03,ADAUSDT,binance,top_account_ls_ratio,2.2227,exchange-published
2026-09-03,ADAUSDT,binance,top_position_ls_ratio,1.7957,exchange-published
2026-09-03,ADAUSDT,bybit,buy_ratio_pct,69.28,exchange-published
2026-09-03,ADAUSDT,okx,top_position_ls_ratio,1.0064,exchange-published
2026-09-03,AKEUSDT,binance,global_ls_ratio,0.6064,exchange-published
2026-09-03,AKEUSDT,binance,taker_buy_sell_ratio,1.0215,exchange-published
2026-09-03,AKEUSDT,binance,top_account_ls_ratio,0.4745,exchange-published
2026-09-03,AKEUSDT,binance,top_position_ls_ratio,0.7103,exchange-published
2026-09-03,AKEUSDT,bybit,buy_ratio_pct,32.68,exchange-published
2026-09-03,ARBUSDT,binance,global_ls_ratio,1.4284,exchange-published
2026-09-03,ARBUSDT,binance,taker_buy_sell_ratio,1.066,exchange-published
2026-09-03,ARBUSDT,binance,top_account_ls_ratio,1.3815,exchange-published
2026-09-03,ARBUSDT,binance,top_position_ls_ratio,1.158,exchange-published
2026-09-03,ARBUSDT,bybit,buy_ratio_pct,65.18,exchange-published
2026-09-03,ARBUSDT,okx,top_position_ls_ratio,0.9359,exchange-published
2026-09-03,BNBUSDT,binance,global_ls_ratio,2.3727,exchange-published
2026-09-03,BNBUSDT,binance,taker_buy_sell_ratio,1.1009,exchange-published
2026-09-03,BNBUSDT,binance,top_account_ls_ratio,2.3944,exchange-published
2026-09-03,BNBUSDT,binance,top_position_ls_ratio,1.6801,exchange-published
2026-09-03,BNBUSDT,bybit,buy_ratio_pct,69.8,exchange-published
2026-09-03,BNBUSDT,okx,top_position_ls_ratio,0.9275,exchange-published
2026-09-03,BTCUSDT,binance,global_ls_ratio,1.2148,exchange-published
2026-09-03,BTCUSDT,binance,taker_buy_sell_ratio,1.3017,exchange-published
2026-09-03,BTCUSDT,binance,top_account_ls_ratio,1.2957,exchange-published
2026-09-03,BTCUSDT,binance,top_position_ls_ratio,1.9774,exchange-published
2026-09-03,BTCUSDT,bybit,buy_ratio_pct,54.36,exchange-published
2026-09-03,BTCUSDT,okx,ls_ratio,1.3,exchange-published
2026-09-03,BTCUSDT,okx,taker_buy_share_pct,42.2633,exchange-published
2026-09-03,BTCUSDT,okx,top_position_ls_ratio,1.0759,exchange-published
2026-09-03,BTRUSDT,binance,global_ls_ratio,1.7739,exchange-published
2026-09-03,BTRUSDT,binance,taker_buy_sell_ratio,0.9113,exchange-published
2026-09-03,BTRUSDT,binance,top_account_ls_ratio,1.8818,exchange-published
2026-09-03,BTRUSDT,binance,top_position_ls_ratio,1.1976,exchange-published
2026-09-03,BTRUSDT,bybit,buy_ratio_pct,63.49,exchange-published
2026-09-03,BTWUSDT,binance,global_ls_ratio,0.5699,exchange-published
2026-09-03,BTWUSDT,binance,taker_buy_sell_ratio,0.9443,exchange-published
2026-09-03,BTWUSDT,binance,top_account_ls_ratio,0.4603,exchange-published
2026-09-03,BTWUSDT,binance,top_position_ls_ratio,1.8144,exchange-published
2026-09-03,BTWUSDT,bybit,buy_ratio_pct,35.61,exchange-published
2026-09-03,DOGEUSDT,binance,global_ls_ratio,2.1676,exchange-published
2026-09-03,DOGEUSDT,binance,taker_buy_sell_ratio,1.0263,exchange-published
2026-09-03,DOGEUSDT,binance,top_account_ls_ratio,2.7679,exchange-published
2026-09-03,DOGEUSDT,binance,top_position_ls_ratio,3.5772,exchange-published
2026-09-03,DOGEUSDT,bybit,buy_ratio_pct,76.74,exchange-published
2026-09-03,DOGEUSDT,okx,top_position_ls_ratio,1.7569,exchange-published
2026-09-03,ENAUSDT,binance,global_ls_ratio,1.4667,exchange-published
2026-09-03,ENAUSDT,binance,taker_buy_sell_ratio,1.3095,exchange-published
2026-09-03,ENAUSDT,binance,top_account_ls_ratio,1.6261,exchange-published
2026-09-03,ENAUSDT,binance,top_position_ls_ratio,1.3455,exchange-published
2026-09-03,ENAUSDT,bybit,buy_ratio_pct,70.79,exchange-published
2026-09-03,ENAUSDT,okx,top_position_ls_ratio,1.0336,exchange-published
2026-09-03,ETHUSDT,binance,global_ls_ratio,2.7523,exchange-published
2026-09-03,ETHUSDT,binance,taker_buy_sell_ratio,1.5119,exchange-published
2026-09-03,ETHUSDT,binance,top_account_ls_ratio,1.686,exchange-published
2026-09-03,ETHUSDT,binance,top_position_ls_ratio,1.5795,exchange-published
2026-09-03,ETHUSDT,bybit,buy_ratio_pct,65.67,exchange-published
2026-09-03,ETHUSDT,okx,ls_ratio,1.67,exchange-published
2026-09-03,ETHUSDT,okx,taker_buy_share_pct,49.1435,exchange-published
2026-09-03,ETHUSDT,okx,top_position_ls_ratio,1.3748,exchange-published
2026-09-03,FILUSDT,binance,global_ls_ratio,1.5556,exchange-published
2026-09-03,FILUSDT,binance,taker_buy_sell_ratio,1.1236,exchange-published
2026-09-03,FILUSDT,binance,top_account_ls_ratio,1.7056,exchange-published
2026-09-03,FILUSDT,binance,top_position_ls_ratio,2.0273,exchange-published
2026-09-03,FILUSDT,bybit,buy_ratio_pct,69.02,exchange-published
2026-09-03,FILUSDT,okx,top_position_ls_ratio,1.1007,exchange-published
2026-09-03,HEMIUSDT,binance,global_ls_ratio,0.7864,exchange-published
2026-09-03,HEMIUSDT,binance,taker_buy_sell_ratio,1.1513,exchange-published
2026-09-03,HEMIUSDT,binance,top_account_ls_ratio,0.9581,exchange-published
2026-09-03,HEMIUSDT,binance,top_position_ls_ratio,2.3396,exchange-published
2026-09-03,HEMIUSDT,bybit,buy_ratio_pct,47.07,exchange-published
2026-09-03,HYPEUSDT,binance,global_ls_ratio,1.1791,exchange-published
2026-09-03,HYPEUSDT,binance,taker_buy_sell_ratio,1.1527,exchange-published
2026-09-03,HYPEUSDT,binance,top_account_ls_ratio,1.1133,exchange-published
2026-09-03,HYPEUSDT,binance,top_position_ls_ratio,1.6978,exchange-published
2026-09-03,HYPEUSDT,bybit,buy_ratio_pct,59.67,exchange-published
2026-09-03,HYPEUSDT,okx,top_position_ls_ratio,0.8846,exchange-published
2026-09-03,LINKUSDT,binance,global_ls_ratio,1.3408,exchange-published
2026-09-03,LINKUSDT,binance,taker_buy_sell_ratio,0.9495,exchange-published
2026-09-03,LINKUSDT,binance,top_account_ls_ratio,1.6233,exchange-published
2026-09-03,LINKUSDT,binance,top_position_ls_ratio,2.5319,exchange-published
2026-09-03,LINKUSDT,bybit,buy_ratio_pct,69.71,exchange-published
2026-09-03,LINKUSDT,okx,top_position_ls_ratio,0.8729,exchange-published
2026-09-03,MAGMAUSDT,binance,global_ls_ratio,0.6281,exchange-published
2026-09-03,MAGMAUSDT,binance,taker_buy_sell_ratio,0.9993,exchange-published
2026-09-03,MAGMAUSDT,binance,top_account_ls_ratio,0.586,exchange-published
2026-09-03,MAGMAUSDT,binance,top_position_ls_ratio,1.164,exchange-published
2026-09-03,MAGMAUSDT,bybit,buy_ratio_pct,28.03,exchange-published
2026-09-03,PAXGUSDT,binance,global_ls_ratio,2.0902,exchange-published
2026-09-03,PAXGUSDT,binance,taker_buy_sell_ratio,1.1909,exchange-published
2026-09-03,PAXGUSDT,binance,top_account_ls_ratio,2.6697,exchange-published
2026-09-03,PAXGUSDT,binance,top_position_ls_ratio,2.2928,exchange-published
2026-09-03,PAXGUSDT,bybit,buy_ratio_pct,62.42,exchange-published
2026-09-03,PUMPUSDT,binance,global_ls_ratio,0.7724,exchange-published
2026-09-03,PUMPUSDT,binance,taker_buy_sell_ratio,1.2334,exchange-published
2026-09-03,PUMPUSDT,binance,top_account_ls_ratio,0.9463,exchange-published
2026-09-03,PUMPUSDT,binance,top_position_ls_ratio,2.0125,exchange-published
2026-09-03,PUMPUSDT,okx,top_position_ls_ratio,1.2756,exchange-published
2026-09-03,SKRUSDT,binance,global_ls_ratio,1.2502,exchange-published
2026-09-03,SKRUSDT,binance,taker_buy_sell_ratio,0.847,exchange-published
2026-09-03,SKRUSDT,binance,top_account_ls_ratio,1.1345,exchange-published
2026-09-03,SKRUSDT,binance,top_position_ls_ratio,1.0624,exchange-published
2026-09-03,SKRUSDT,bybit,buy_ratio_pct,39.42,exchange-published
2026-09-03,SOLUSDT,binance,global_ls_ratio,2.0211,exchange-published
2026-09-03,SOLUSDT,binance,taker_buy_sell_ratio,1.3173,exchange-published
2026-09-03,SOLUSDT,binance,top_account_ls_ratio,2.2092,exchange-published
2026-09-03,SOLUSDT,binance,top_position_ls_ratio,2.1482,exchange-published
2026-09-03,SOLUSDT,bybit,buy_ratio_pct,70.25,exchange-published
2026-09-03,SOLUSDT,okx,ls_ratio,1.96,exchange-published
2026-09-03,SOLUSDT,okx,taker_buy_share_pct,48.5313,exchange-published
2026-09-03,SOLUSDT,okx,top_position_ls_ratio,1.3607,exchange-published
2026-09-03,SUIUSDT,binance,global_ls_ratio,2.0902,exchange-published
2026-09-03,SUIUSDT,binance,taker_buy_sell_ratio,0.9153,exchange-published
2026-09-03,SUIUSDT,binance,top_account_ls_ratio,2.7608,exchange-published
2026-09-03,SUIUSDT,binance,top_position_ls_ratio,2.3946,exchange-published
2026-09-03,SUIUSDT,bybit,buy_ratio_pct,73.84,exchange-published
2026-09-03,SUIUSDT,okx,top_position_ls_ratio,0.8293,exchange-published
2026-09-03,TRUMPUSDT,binance,global_ls_ratio,1.7189,exchange-published
2026-09-03,TRUMPUSDT,binance,taker_buy_sell_ratio,1.529,exchange-published
2026-09-03,TRUMPUSDT,binance,top_account_ls_ratio,1.9958,exchange-published
2026-09-03,TRUMPUSDT,binance,top_position_ls_ratio,1.7832,exchange-published
2026-09-03,TRUMPUSDT,bybit,buy_ratio_pct,75.17,exchange-published
2026-09-03,TRUMPUSDT,okx,top_position_ls_ratio,1.4643,exchange-published
2026-09-03,TUSDT,binance,global_ls_ratio,1.2173,exchange-published
2026-09-03,TUSDT,binance,taker_buy_sell_ratio,1.0675,exchange-published
2026-09-03,TUSDT,binance,top_account_ls_ratio,1.1496,exchange-published
2026-09-03,TUSDT,binance,top_position_ls_ratio,0.9911,exchange-published
2026-09-03,TUSDT,bybit,buy_ratio_pct,48.69,exchange-published
2026-09-03,UAIUSDT,binance,global_ls_ratio,0.6787,exchange-published
2026-09-03,UAIUSDT,binance,taker_buy_sell_ratio,0.9174,exchange-published
2026-09-03,UAIUSDT,binance,top_account_ls_ratio,0.6548,exchange-published
2026-09-03,UAIUSDT,binance,top_position_ls_ratio,1.4452,exchange-published
2026-09-03,UAIUSDT,bybit,buy_ratio_pct,33.12,exchange-published
2026-09-03,UNIUSDT,binance,global_ls_ratio,1.4319,exchange-published
2026-09-03,UNIUSDT,binance,taker_buy_sell_ratio,0.8359,exchange-published
2026-09-03,UNIUSDT,binance,top_account_ls_ratio,1.4278,exchange-published
2026-09-03,UNIUSDT,binance,top_position_ls_ratio,2.7707,exchange-published
2026-09-03,UNIUSDT,bybit,buy_ratio_pct,61.49,exchange-published
2026-09-03,UNIUSDT,okx,top_position_ls_ratio,0.6618,exchange-published
2026-09-03,USELESSUSDT,binance,global_ls_ratio,0.8372,exchange-published
2026-09-03,USELESSUSDT,binance,taker_buy_sell_ratio,0.9161,exchange-published
2026-09-03,USELESSUSDT,binance,top_account_ls_ratio,0.7106,exchange-published
2026-09-03,USELESSUSDT,binance,top_position_ls_ratio,0.9152,exchange-published
2026-09-03,USELESSUSDT,bybit,buy_ratio_pct,39.39,exchange-published
2026-09-03,USELESSUSDT,okx,top_position_ls_ratio,0.6864,exchange-published
2026-09-03,XRPUSDT,binance,global_ls_ratio,2.3841,exchange-published
2026-09-03,XRPUSDT,binance,taker_buy_sell_ratio,1.0534,exchange-published
2026-09-03,XRPUSDT,binance,top_account_ls_ratio,2.8241,exchange-published
2026-09-03,XRPUSDT,binance,top_position_ls_ratio,2.2365,exchange-published
2026-09-03,XRPUSDT,bybit,buy_ratio_pct,76.52,exchange-published
2026-09-03,XRPUSDT,okx,ls_ratio,2.55,exchange-published
2026-09-03,XRPUSDT,okx,top_position_ls_ratio,1.0731,exchange-published
2026-09-03,ZECUSDT,binance,global_ls_ratio,0.4652,exchange-published
2026-09-03,ZECUSDT,binance,taker_buy_sell_ratio,0.9031,exchange-published
2026-09-03,ZECUSDT,binance,top_account_ls_ratio,0.4362,exchange-published
2026-09-03,ZECUSDT,binance,top_position_ls_ratio,0.9068,exchange-published
2026-09-03,ZECUSDT,bybit,buy_ratio_pct,45.31,exchange-published
2026-09-03,ZECUSDT,okx,ls_ratio,0.39,exchange-published
2026-09-03,ZECUSDT,okx,taker_buy_share_pct,50.7097,exchange-published
2026-09-03,ZECUSDT,okx,top_position_ls_ratio,0.4402,exchange-published
2026-09-03,牛来USDT,binance,global_ls_ratio,1.1915,exchange-published
2026-09-03,牛来USDT,binance,taker_buy_sell_ratio,1.1891,exchange-published
2026-09-03,牛来USDT,binance,top_account_ls_ratio,1.4802,exchange-published
2026-09-03,牛来USDT,binance,top_position_ls_ratio,1.6115,exchange-published
