date,venue,market,symbol,quote,price_usd,volume_24h_usd,open_interest_usd,funding_rate_8h_pct,source
2026-08-21,aster,perp,AAVE,USDT,111.46,1455070,2229846,0.01,bykaranteli.com
2026-08-21,aster,perp,ADA,USDT,0.2195,1847915,801489,0.01,bykaranteli.com
2026-08-21,aster,perp,APT,USDT,0.6355,88320,99643,0.01,bykaranteli.com
2026-08-21,aster,perp,ARB,USDT,0.09868,175037,374105,0.01,bykaranteli.com
2026-08-21,aster,perp,AVAX,USDT,7.671,1226495,1746403,0.01,bykaranteli.com
2026-08-21,aster,perp,BCH,USDT,296.8,1650859,323381,0.012514,bykaranteli.com
2026-08-21,aster,perp,BNB,USDT,679.66,35541133,5724545,0.014797,bykaranteli.com
2026-08-21,aster,perp,BTC,USDT,77312.7,2570278212,491009324,0.01,bykaranteli.com
2026-08-21,aster,perp,DOGE,USDT,0.0849,32967361,4393574,0.01,bykaranteli.com
2026-08-21,aster,perp,DOT,USDT,0.906,218710,742684,0.01,bykaranteli.com
2026-08-21,aster,perp,ENA,USDT,0.14975,7233004,465829,0.015024,bykaranteli.com
2026-08-21,aster,perp,ETH,USDT,2423.47,1286611816,237299540,0.01,bykaranteli.com
2026-08-21,aster,perp,FIL,USDT,0.783,131396,263431,0.00125,bykaranteli.com
2026-08-21,aster,perp,HBAR,USDT,0.07739,49405,36110,0.00125,bykaranteli.com
2026-08-21,aster,perp,HYPE,USDT,75.069,73138354,6349461,0.009869000000000001,bykaranteli.com
2026-08-21,aster,perp,LINK,USDT,11.654,1010443,1256283,0.01,bykaranteli.com
2026-08-21,aster,perp,LTC,USDT,52.04,1453444,1321481,0.01,bykaranteli.com
2026-08-21,aster,perp,NEAR,USDT,1.905,1379278,1229159,0.01,bykaranteli.com
2026-08-21,aster,perp,ONDO,USDT,0.3871,543091,281523,0.005,bykaranteli.com
2026-08-21,aster,perp,OP,USDT,0.10353,140783,56663,0.01,bykaranteli.com
2026-08-21,aster,perp,PEPE,USDT,0.0040453,5456914,788438,0.05178099999999999,bykaranteli.com
2026-08-21,aster,perp,SOL,USDT,91.87,213929271,141168719,0.01,bykaranteli.com
2026-08-21,aster,perp,SUI,USDT,0.8166,1252308,780231,0.01,bykaranteli.com
2026-08-21,aster,perp,TAO,USDT,230.09,1702809,540018,0.002243,bykaranteli.com
2026-08-21,aster,perp,TON,USDT,1.6315,447548,,0.005,bykaranteli.com
2026-08-21,aster,perp,TRX,USDT,0.34044,144792,1199407,0.01,bykaranteli.com
2026-08-21,aster,perp,UNI,USDT,3.993,442979,432957,0.01,bykaranteli.com
2026-08-21,aster,perp,WIF,USDT,0.1895,229256,18827,0.00125,bykaranteli.com
2026-08-21,aster,perp,XLM,USDT,0.19426,525401,210163,0.01,bykaranteli.com
2026-08-21,aster,perp,XRP,USDT,1.3959,97018356,35426394,0.01,bykaranteli.com
2026-08-21,backpack,perp,AAVE,USDC,111.41,679535,282498,0.04436407323967029,bykaranteli.com
2026-08-21,backpack,perp,ADA,USDC,0.21878,2343714,1002877,0.01,bykaranteli.com
2026-08-21,backpack,perp,APT,USDC,0.6357,469379,95517,0.01,bykaranteli.com
2026-08-21,backpack,perp,ARB,USDC,0.09864,702499,69115,0.01,bykaranteli.com
2026-08-21,backpack,perp,AVAX,USDC,7.661,238389,232780,0.01,bykaranteli.com
2026-08-21,backpack,perp,BNB,USDC,679.65,6705818,1683954,0.01828701877742661,bykaranteli.com
2026-08-21,backpack,perp,BTC,USDC,77361.8,156941573,46669753,0.01,bykaranteli.com
2026-08-21,backpack,perp,DOGE,USDC,0.08505,1084273,161306,0.01,bykaranteli.com
2026-08-21,backpack,perp,DOT,USDC,0.9074,66228,122073,0.01,bykaranteli.com
2026-08-21,backpack,perp,ENA,USDC,0.14919,1333778,285475,0.128225890459721,bykaranteli.com
2026-08-21,backpack,perp,ETH,USDC,2421.61,31252358,13083982,0.01,bykaranteli.com
2026-08-21,backpack,perp,HBAR,USDC,0.07759,249997,242350,0.1407018085992571,bykaranteli.com
2026-08-21,backpack,perp,HYPE,USDC,75.101,32205702,7998462,0.0353127213993138,bykaranteli.com
2026-08-21,backpack,perp,LINK,USDC,11.657,817225,194276,0.01,bykaranteli.com
2026-08-21,backpack,perp,LTC,USDC,52.049,228480,272868,0.01,bykaranteli.com
2026-08-21,backpack,perp,NEAR,USDC,1.9052,679432,329394,0.01,bykaranteli.com
2026-08-21,backpack,perp,ONDO,USDC,0.38749,915188,393225,0.04727297997970911,bykaranteli.com
2026-08-21,backpack,perp,OP,USDC,0.10375,188577,238453,0.01,bykaranteli.com
2026-08-21,backpack,perp,PEPE,USDC,0.0040579,984206,57910,0.0557571180444101,bykaranteli.com
2026-08-21,backpack,perp,SOL,USDC,91.86,22618846,20510106,0.01,bykaranteli.com
2026-08-21,backpack,perp,SUI,USDC,0.8181,2053973,742917,0.01,bykaranteli.com
2026-08-21,backpack,perp,TAO,USDC,229.97,168124,272354,0.07664476009640525,bykaranteli.com
2026-08-21,backpack,perp,TRX,USDC,0.34002,10351,65471,0.01,bykaranteli.com
2026-08-21,backpack,perp,UNI,USDC,3.9864,355359,251801,0.01,bykaranteli.com
2026-08-21,backpack,perp,WIF,USDC,0.18917,329802,182528,0.01,bykaranteli.com
2026-08-21,backpack,perp,XLM,USDC,0.19405,402808,306281,0.08155372195725645,bykaranteli.com
2026-08-21,backpack,perp,XRP,USDC,1.3954,4461296,1274466,0.01,bykaranteli.com
2026-08-21,backpack,spot,AAVE,USDC,111.32,1552,,,bykaranteli.com
2026-08-21,backpack,spot,APT,USDC,0.6362,24865,,,bykaranteli.com
2026-08-21,backpack,spot,BNB,USDC,679.22,93791,,,bykaranteli.com
2026-08-21,backpack,spot,BTC,USDC,77346.7,8728572,,,bykaranteli.com
2026-08-21,backpack,spot,DOGE,USDC,0.08534,25815,,,bykaranteli.com
2026-08-21,backpack,spot,ENA,USDC,0.14856,3438,,,bykaranteli.com
2026-08-21,backpack,spot,ETH,USDC,2422.74,2339609,,,bykaranteli.com
2026-08-21,backpack,spot,HYPE,USDC,75.05,1550904,,,bykaranteli.com
2026-08-21,backpack,spot,LINK,USDC,11.665,4863,,,bykaranteli.com
2026-08-21,backpack,spot,ONDO,USDC,0.38952,6510,,,bykaranteli.com
2026-08-21,backpack,spot,PEPE,USDC,0.000003577,504,,,bykaranteli.com
2026-08-21,backpack,spot,SOL,USDC,91.85,8032856,,,bykaranteli.com
2026-08-21,backpack,spot,SUI,USDC,0.8153,85626,,,bykaranteli.com
2026-08-21,backpack,spot,TRX,USDC,0.33979,987,,,bykaranteli.com
2026-08-21,backpack,spot,UNI,USDC,3.9702,56757,,,bykaranteli.com
2026-08-21,backpack,spot,USDT,USDC,0.9997,10999821,,,bykaranteli.com
2026-08-21,backpack,spot,WIF,USDC,0.1863,349,,,bykaranteli.com
2026-08-21,backpack,spot,XRP,USDC,1.3901,56229,,,bykaranteli.com
2026-08-21,binance,perp,AAVE,USDT,111.43,195705637,58353183,0.01,bykaranteli.com
2026-08-21,binance,perp,ADA,USDT,0.2191,378312426,103593783,0.01,bykaranteli.com
2026-08-21,binance,perp,APT,USDT,0.6346,47614949,18017770,0.01,bykaranteli.com
2026-08-21,binance,perp,ARB,USDT,0.09845,48380615,22416317,0.01,bykaranteli.com
2026-08-21,binance,perp,AVAX,USDT,7.643,201747819,66854307,0.01,bykaranteli.com
2026-08-21,binance,perp,BCH,USDT,296.79,391290387,133287574,0.012734,bykaranteli.com
2026-08-21,binance,perp,BNB,USDT,679.39,687239450,419744867,0.015877,bykaranteli.com
2026-08-21,binance,perp,BTC,USDT,77330.5,33205804277,8235980661,0.01,bykaranteli.com
2026-08-21,binance,perp,DOGE,USDT,0.08492,844413386,248225317,0.01,bykaranteli.com
2026-08-21,binance,perp,DOT,USDT,0.9078,67690586,30534148,0.01,bykaranteli.com
2026-08-21,binance,perp,ENA,USDT,0.14974,1198123051,97536430,0.011307,bykaranteli.com
2026-08-21,binance,perp,ETH,USDT,2422.78,18258851525,5862137759,0.01,bykaranteli.com
2026-08-21,binance,perp,FIL,USDT,0.7876,115954267,39190952,0.01,bykaranteli.com
2026-08-21,binance,perp,HBAR,USDT,0.07726,63682285,27301780,0.01,bykaranteli.com
2026-08-21,binance,perp,HYPE,USDT,75.054,1782030935,395276417,0.007077,bykaranteli.com
2026-08-21,binance,perp,LINK,USDT,11.628,380216141,137120383,0.01,bykaranteli.com
2026-08-21,binance,perp,LTC,USDT,51.99,145807418,58011693,0.01,bykaranteli.com
2026-08-21,binance,perp,NEAR,USDT,1.903,245978870,80324528,0.01,bykaranteli.com
2026-08-21,binance,perp,ONDO,USDT,0.3866,157904086,49357056,0.005,bykaranteli.com
2026-08-21,binance,perp,OP,USDT,0.10371,34760720,12861018,0.01,bykaranteli.com
2026-08-21,binance,perp,PEPE,USDT,0.0040434,649770588,83988681,0.047869,bykaranteli.com
2026-08-21,binance,perp,SOL,USDT,91.86,2944953698,747772993,0.01,bykaranteli.com
2026-08-21,binance,perp,SUI,USDT,0.815,408558600,101016695,0.01,bykaranteli.com
2026-08-21,binance,perp,TAO,USDT,229.55,172293181,64713784,0.005,bykaranteli.com
2026-08-21,binance,perp,TRX,USDT,0.34028,60849584,95871026,0.01,bykaranteli.com
2026-08-21,binance,perp,UNI,USDT,3.98,157480080,72236045,0.01,bykaranteli.com
2026-08-21,binance,perp,WIF,USDT,0.189,59610467,15139834,0.005,bykaranteli.com
2026-08-21,binance,perp,XLM,USDT,0.19335,116353947,40044360,0.01,bykaranteli.com
2026-08-21,binance,perp,XRP,USDT,1.3942,3072857043,469612614,0.01,bykaranteli.com
2026-08-21,binance,spot,ADA,USDT,0.2191,65164110,,,bykaranteli.com
2026-08-21,binance,spot,BNB,USDT,679.12,210922767,,,bykaranteli.com
2026-08-21,binance,spot,BTC,USDT,77360.96,3233745077,,,bykaranteli.com
2026-08-21,binance,spot,DOGE,USDT,0.08492,122540830,,,bykaranteli.com
2026-08-21,binance,spot,ETH,USDT,2424.5,1505676721,,,bykaranteli.com
2026-08-21,binance,spot,FDUSD,USDT,0.9985,50124199,,,bykaranteli.com
2026-08-21,binance,spot,LINK,USDT,11.635,76660463,,,bykaranteli.com
2026-08-21,binance,spot,SOL,USDT,91.87,469433372,,,bykaranteli.com
2026-08-21,binance,spot,USDC,USDT,1.00034,4254002955,,,bykaranteli.com
2026-08-21,binance,spot,XRP,USDT,1.396,570375654,,,bykaranteli.com
2026-08-21,binanceus,spot,ADA,USD,0.21947,494930,,,bykaranteli.com
2026-08-21,binanceus,spot,BTC,USD,77394.5,5140641,,,bykaranteli.com
2026-08-21,binanceus,spot,DOGE,USD,0.08478,728011,,,bykaranteli.com
2026-08-21,binanceus,spot,ETH,USD,2423.35,3209005,,,bykaranteli.com
2026-08-21,binanceus,spot,SOL,USD,91.84,1156098,,,bykaranteli.com
2026-08-21,binanceus,spot,USDC,USD,0.99995,656529,,,bykaranteli.com
2026-08-21,binanceus,spot,USDT,USD,0.99962,1983550,,,bykaranteli.com
2026-08-21,binanceus,spot,XRP,USD,1.3931,2610362,,,bykaranteli.com
2026-08-21,bingx,perp,AAVE,USDT,111.42,36396330,25413141,0.01,bykaranteli.com
2026-08-21,bingx,perp,ADA,USDT,0.219,35141347,29961095,0.01,bykaranteli.com
2026-08-21,bingx,perp,APT,USDT,0.6344,16204693,7880631,0.01,bykaranteli.com
2026-08-21,bingx,perp,ARB,USDT,0.09846,6280281,5333875,0.01,bykaranteli.com
2026-08-21,bingx,perp,AVAX,USDT,7.639,22914674,19486705,0.01,bykaranteli.com
2026-08-21,bingx,perp,BCH,USDT,296.87,81887275,57421909,0.0118,bykaranteli.com
2026-08-21,bingx,perp,BNB,USDT,678.99,20754915,17663449,0.0157,bykaranteli.com
2026-08-21,bingx,perp,BTC,USDT,77328.9,2211219220,1885019726,0.008,bykaranteli.com
2026-08-21,bingx,perp,DOGE,USDT,0.08489,33462860,28527214,0.008,bykaranteli.com
2026-08-21,bingx,perp,DOT,USDT,0.9072,8967558,,0.01,bykaranteli.com
2026-08-21,bingx,perp,ENA,USDT,0.14984,48966255,41422662,0.0106,bykaranteli.com
2026-08-21,bingx,perp,ETH,USDT,2423.42,775573036,658883182,0.008,bykaranteli.com
2026-08-21,bingx,perp,FIL,USDT,0.7878,131334378,17099165,0.01,bykaranteli.com
2026-08-21,bingx,perp,HBAR,USDT,0.07726,4088378,3473254,0.01,bykaranteli.com
2026-08-21,bingx,perp,HYPE,USDT,75.045,91509948,77821315,0.0078,bykaranteli.com
2026-08-21,bingx,perp,LINK,USDT,11.626,31719714,27031129,0.008,bykaranteli.com
2026-08-21,bingx,perp,LTC,USDT,51.98,20007387,,,bykaranteli.com
2026-08-21,bingx,perp,NEAR,USDT,1.902,25549222,21716715,,bykaranteli.com
2026-08-21,bingx,perp,ONDO,USDT,0.3868,21730802,18511068,0.005,bykaranteli.com
2026-08-21,bingx,perp,OP,USDT,0.1037,5631845,,,bykaranteli.com
2026-08-21,bingx,perp,PEPE,USDT,0.0040452,51521436,37025458,0.0457,bykaranteli.com
2026-08-21,bingx,perp,SOL,USDT,91.836,341027828,289750753,0.008,bykaranteli.com
2026-08-21,bingx,perp,SUI,USDT,0.8152,17917453,15248037,0.01,bykaranteli.com
2026-08-21,bingx,perp,TAO,USDT,229.59,19633555,16730395,0.009600000000000001,bykaranteli.com
2026-08-21,bingx,perp,TRX,USDT,0.34025,6171454,5261424,0.01,bykaranteli.com
2026-08-21,bingx,perp,UNI,USDT,3.981,18305672,15595711,0.01,bykaranteli.com
2026-08-21,bingx,perp,WIF,USDT,0.1891,5525816,4705845,0.005,bykaranteli.com
2026-08-21,bingx,perp,XLM,USDT,0.19345,5816742,,,bykaranteli.com
2026-08-21,bingx,perp,XRP,USDT,1.3953,193457201,165002083,0.0033,bykaranteli.com
2026-08-21,bitbank,spot,ADA,JPY,0.2193131695022054,498025,,,bykaranteli.com
2026-08-21,bitbank,spot,ARB,JPY,0.09822936357908003,20023,,,bykaranteli.com
2026-08-21,bitbank,spot,AVAX,JPY,7.655942028985508,316909,,,bykaranteli.com
2026-08-21,bitbank,spot,BNB,JPY,681.1216131064903,146677,,,bykaranteli.com
2026-08-21,bitbank,spot,BTC,JPY,77467.52993068684,28231686,,,bykaranteli.com
2026-08-21,bitbank,spot,DAI,JPY,1.001228733459357,49486,,,bykaranteli.com
2026-08-21,bitbank,spot,DOGE,JPY,0.08521739130434783,2175405,,,bykaranteli.com
2026-08-21,bitbank,spot,DOT,JPY,0.9089350976685571,27631,,,bykaranteli.com
2026-08-21,bitbank,spot,ETH,JPY,2428.33018273472,11373840,,,bykaranteli.com
2026-08-21,bitbank,spot,LINK,JPY,11.6554127284184,480172,,,bykaranteli.com
2026-08-21,bitbank,spot,LTC,JPY,52.09829867674858,319613,,,bykaranteli.com
2026-08-21,bitbank,spot,OP,JPY,0.105179584120983,19008,,,bykaranteli.com
2026-08-21,bitbank,spot,SOL,JPY,92.06427221172024,2052041,,,bykaranteli.com
2026-08-21,bitbank,spot,SUI,JPY,0.816005040957782,544097,,,bykaranteli.com
2026-08-21,bitbank,spot,TRX,JPY,0.3405715185885319,215436,,,bykaranteli.com
2026-08-21,bitbank,spot,XLM,JPY,0.1940264650283554,1078634,,,bykaranteli.com
2026-08-21,bitbank,spot,XRP,JPY,1.396754883427851,30364037,,,bykaranteli.com
2026-08-21,bitfinex,perp,AAVE,USDT,111.43,269381,334083,,bykaranteli.com
2026-08-21,bitfinex,perp,ADA,USDT,0.2191057,1362130,226877,,bykaranteli.com
2026-08-21,bitfinex,perp,APT,USDT,0.635195,72656,43986,,bykaranteli.com
2026-08-21,bitfinex,perp,ARB,USDT,0.098548,7470,19287,,bykaranteli.com
2026-08-21,bitfinex,perp,AVAX,USDT,7.64185,369597,350162,,bykaranteli.com
2026-08-21,bitfinex,perp,BNB,USDT,679.295,755,261861,,bykaranteli.com
2026-08-21,bitfinex,perp,BTC,USDT,77343.48955008,139865156,690149555,,bykaranteli.com
2026-08-21,bitfinex,perp,DOGE,USDT,0.084947,141307,483778,,bykaranteli.com
2026-08-21,bitfinex,perp,DOT,USDT,0.90775,522348,63726,,bykaranteli.com
2026-08-21,bitfinex,perp,ENA,USDT,0.14988,36680,50055,,bykaranteli.com
2026-08-21,bitfinex,perp,ETH,USDT,2425.0150506,9921449,39190603,,bykaranteli.com
2026-08-21,bitfinex,perp,FIL,USDT,0.78858,28210,68029,,bykaranteli.com
2026-08-21,bitfinex,perp,HBAR,USDT,0.0772405,6747,1,,bykaranteli.com
2026-08-21,bitfinex,perp,HYPE,USDT,75.052,101322,556449,,bykaranteli.com
2026-08-21,bitfinex,perp,LINK,USDT,11.639,146958,225129,,bykaranteli.com
2026-08-21,bitfinex,perp,LTC,USDT,52.013019305,113627,571246,,bykaranteli.com
2026-08-21,bitfinex,perp,NEAR,USDT,1.90455,270356,138060,,bykaranteli.com
2026-08-21,bitfinex,perp,ONDO,USDT,0.387095,447,133249,,bykaranteli.com
2026-08-21,bitfinex,perp,PEPE,USDT,0.00000405,11716,432121,,bykaranteli.com
2026-08-21,bitfinex,perp,SOL,USDT,91.9265,2593849,3462801,,bykaranteli.com
2026-08-21,bitfinex,perp,SUI,USDT,0.8152,38201,334359,,bykaranteli.com
2026-08-21,bitfinex,perp,TAO,USDT,229.81,41011,51943,,bykaranteli.com
2026-08-21,bitfinex,perp,TON,USDT,1.46145,60926,109805,,bykaranteli.com
2026-08-21,bitfinex,perp,TRX,USDT,0.34035,175844,540168,,bykaranteli.com
2026-08-21,bitfinex,perp,UNI,USDT,3.98345,27001,123531,,bykaranteli.com
2026-08-21,bitfinex,perp,XLM,USDT,0.193535,58598,50316,,bykaranteli.com
2026-08-21,bitfinex,perp,XRP,USDT,1.3968,1483443,2479183,,bykaranteli.com
2026-08-21,bitfinex,spot,ADA,USD,0.21887,405375,,,bykaranteli.com
2026-08-21,bitfinex,spot,BTC,USD,77366,175104526,,,bykaranteli.com
2026-08-21,bitfinex,spot,DOGE,USD,0.084893,231738,,,bykaranteli.com
2026-08-21,bitfinex,spot,ETH,USD,2424.3,48276186,,,bykaranteli.com
2026-08-21,bitfinex,spot,SOL,USD,91.904,1803882,,,bykaranteli.com
2026-08-21,bitfinex,spot,USDC,USD,1.0007,4328214,,,bykaranteli.com
2026-08-21,bitfinex,spot,USDT,USD,1.0003,62631101,,,bykaranteli.com
2026-08-21,bitfinex,spot,XRP,USD,1.3952,15592553,,,bykaranteli.com
2026-08-21,bitflyer,spot,BTC,JPY,77501.18462507876,58775279,,,bykaranteli.com
2026-08-21,bitflyer,spot,ETH,JPY,2429.111531190927,16680095,,,bykaranteli.com
2026-08-21,bitflyer,spot,XRP,JPY,1.388594833018274,3143997,,,bykaranteli.com
2026-08-21,bitget,perp,AAVE,USDT,111.41,23842489,23974830,0.01,bykaranteli.com
2026-08-21,bitget,perp,ADA,USDT,0.2191,90653274,47230373,0.01,bykaranteli.com
2026-08-21,bitget,perp,APT,USDT,0.6345,7215734,7683611,0.01,bykaranteli.com
2026-08-21,bitget,perp,ARB,USDT,0.0984,3829462,8798682,0.01,bykaranteli.com
2026-08-21,bitget,perp,AVAX,USDT,7.641,31016204,23198754,0.01,bykaranteli.com
2026-08-21,bitget,perp,BCH,USDT,296.91,44840534,19986485,0.01,bykaranteli.com
2026-08-21,bitget,perp,BNB,USDT,678.72,20971886,57556433,0.01,bykaranteli.com
2026-08-21,bitget,perp,BTC,USDT,77328.8,7910807594,2556352692,0.01,bykaranteli.com
2026-08-21,bitget,perp,DOGE,USDT,0.08487,147771898,107035731,0.01,bykaranteli.com
2026-08-21,bitget,perp,DOT,USDT,0.908,7329610,17396296,0.01,bykaranteli.com
2026-08-21,bitget,perp,ENA,USDT,0.14966,146574427,36076560,0.005,bykaranteli.com
2026-08-21,bitget,perp,ETH,USDT,2423.04,3963433769,1888127824,0.01,bykaranteli.com
2026-08-21,bitget,perp,FIL,USDT,0.7876,14073802,10232063,0.01,bykaranteli.com
2026-08-21,bitget,perp,HBAR,USDT,0.07727,6137589,12020132,0.01,bykaranteli.com
2026-08-21,bitget,perp,HYPE,USDT,75.075,240708516,193683082,0.005,bykaranteli.com
2026-08-21,bitget,perp,LINK,USDT,11.628,44924605,45315200,0.01,bykaranteli.com
2026-08-21,bitget,perp,LTC,USDT,51.97,14273334,21384985,0.01,bykaranteli.com
2026-08-21,bitget,perp,NEAR,USDT,1.902,28630299,32421863,0.01,bykaranteli.com
2026-08-21,bitget,perp,ONDO,USDT,0.3869,30928667,21922819,0.005,bykaranteli.com
2026-08-21,bitget,perp,OP,USDT,0.1036,3407422,3844435,0.01,bykaranteli.com
2026-08-21,bitget,perp,PEPE,USDT,0.0000040424,77467507,31830908,0.01,bykaranteli.com
2026-08-21,bitget,perp,SOL,USDT,91.869,488108305,407847354,0.01,bykaranteli.com
2026-08-21,bitget,perp,SUI,USDT,0.8146,102288498,48723082,0.01,bykaranteli.com
2026-08-21,bitget,perp,TAO,USDT,229.49,21097282,23523319,0.005,bykaranteli.com
2026-08-21,bitget,perp,TRX,USDT,0.34034,3226276,10844261,0.01,bykaranteli.com
2026-08-21,bitget,perp,UNI,USDT,3.982,16480585,14843992,-0.0038,bykaranteli.com
2026-08-21,bitget,perp,WIF,USDT,0.1889,7804774,4940474,0.005,bykaranteli.com
2026-08-21,bitget,perp,XLM,USDT,0.19341,17551306,23173626,0.01,bykaranteli.com
2026-08-21,bitget,perp,XRP,USDT,1.395,756511362,247620592,0.004500000000000001,bykaranteli.com
2026-08-21,bitget,spot,BNB,USDT,679,6718332,,,bykaranteli.com
2026-08-21,bitget,spot,BTC,USDT,77360.96,536452989,,,bykaranteli.com
2026-08-21,bitget,spot,DOGE,USDT,0.08488,14892628,,,bykaranteli.com
2026-08-21,bitget,spot,ETH,USDT,2424.23,305987947,,,bykaranteli.com
2026-08-21,bitget,spot,SOL,USDT,91.87,96054864,,,bykaranteli.com
2026-08-21,bitget,spot,USDC,USDT,1.0003,40937051,,,bykaranteli.com
2026-08-21,bitget,spot,XRP,USDT,1.3959,82781623,,,bykaranteli.com
2026-08-21,bithumb,spot,ADA,KRW,0.2190684133915575,8197489,,,bykaranteli.com
2026-08-21,bithumb,spot,BTC,KRW,77380.6404657933,247917624,,,bykaranteli.com
2026-08-21,bithumb,spot,DOGE,KRW,0.0851528384279476,14746827,,,bykaranteli.com
2026-08-21,bithumb,spot,ETH,KRW,2424.308588064046,121343687,,,bykaranteli.com
2026-08-21,bithumb,spot,SOL,KRW,91.99417758369724,26292513,,,bykaranteli.com
2026-08-21,bithumb,spot,USDC,KRW,1,4461361,,,bykaranteli.com
2026-08-21,bithumb,spot,USDT,KRW,1,153298952,,,bykaranteli.com
2026-08-21,bithumb,spot,XRP,KRW,1.395924308588064,261557399,,,bykaranteli.com
2026-08-21,bitmart,perp,AAVE,USDT,111.56,13131492,26833667,0.01,bykaranteli.com
2026-08-21,bitmart,perp,ADA,USDT,0.2202,14255338,29605783,0.01,bykaranteli.com
2026-08-21,bitmart,perp,APT,USDT,0.6358,8028607,38233748,0.01,bykaranteli.com
2026-08-21,bitmart,perp,ARB,USDT,0.08291,0,34301619,0.01,bykaranteli.com
2026-08-21,bitmart,perp,AVAX,USDT,7.651,8016590,35976039,0.01,bykaranteli.com
2026-08-21,bitmart,perp,BCH,USDT,297,14264831,29166589,0.02599,bykaranteli.com
2026-08-21,bitmart,perp,BNB,USDT,679.91,6238991,21119798,0.02145,bykaranteli.com
2026-08-21,bitmart,perp,BTC,USDT,77398.6,24105477441,125784426,0.005,bykaranteli.com
2026-08-21,bitmart,perp,DOGE,USDT,0.08503,26921294,21243149,0.01,bykaranteli.com
2026-08-21,bitmart,perp,DOT,USDT,0.91,8023004,27621610,0.01,bykaranteli.com
2026-08-21,bitmart,perp,ENA,USDT,0.15028,13170820,31611801,0.005,bykaranteli.com
2026-08-21,bitmart,perp,ETH,USDT,2425.34,6279032829,43992994,0.0098,bykaranteli.com
2026-08-21,bitmart,perp,FIL,USDT,0.7896,8019228,28349914,0.01,bykaranteli.com
2026-08-21,bitmart,perp,HBAR,USDT,0.07739,8026960,31185873,0.01,bykaranteli.com
2026-08-21,bitmart,perp,HYPE,USDT,75.136,8924748,16410442,0.01737,bykaranteli.com
2026-08-21,bitmart,perp,LINK,USDT,11.649,13840176,22167695,0.01,bykaranteli.com
2026-08-21,bitmart,perp,LTC,USDT,52.05,8657225,26129644,0.01,bykaranteli.com
2026-08-21,bitmart,perp,NEAR,USDT,1.904,15586198,26115068,0.01,bykaranteli.com
2026-08-21,bitmart,perp,ONDO,USDT,0.3875,3219496,29550913,0.005,bykaranteli.com
2026-08-21,bitmart,perp,OP,USDT,0.1036,8030487,25408087,0.01,bykaranteli.com
2026-08-21,bitmart,perp,PEPE,USDT,0.0040637,12985840,32789546,0.02528,bykaranteli.com
2026-08-21,bitmart,perp,SOL,USDT,91.96,35530002,23778848,0.01,bykaranteli.com
2026-08-21,bitmart,perp,SUI,USDT,0.817,14166034,25242981,0.0121,bykaranteli.com
2026-08-21,bitmart,perp,TAO,USDT,230.1,8151478,29016737,0.005,bykaranteli.com
2026-08-21,bitmart,perp,TON,USDT,1.579,0,0,0,bykaranteli.com
2026-08-21,bitmart,perp,TRX,USDT,0.3402851,13110444,20329694,0.01,bykaranteli.com
2026-08-21,bitmart,perp,UNI,USDT,3.991,8046459,26397314,0.01,bykaranteli.com
2026-08-21,bitmart,perp,WIF,USDT,0.189,2448816,40192841,0.005,bykaranteli.com
2026-08-21,bitmart,perp,XLM,USDT,0.19402,8186447,26539347,0.01,bykaranteli.com
2026-08-21,bitmart,perp,XRP,USDT,1.3956,22861778,19966180,0.01024,bykaranteli.com
2026-08-21,bitrue,spot,AAVE,USDT,111.4,308316,,,bykaranteli.com
2026-08-21,bitrue,spot,ADA,USDT,0.2193,15671818,,,bykaranteli.com
2026-08-21,bitrue,spot,APT,USDT,0.634,1032072,,,bykaranteli.com
2026-08-21,bitrue,spot,ARB,USDT,0.0987,1846358,,,bykaranteli.com
2026-08-21,bitrue,spot,AVAX,USDT,7.64,7030447,,,bykaranteli.com
2026-08-21,bitrue,spot,BCH,USDT,296.55,6728857,,,bykaranteli.com
2026-08-21,bitrue,spot,BNB,USDT,679.12,12411044,,,bykaranteli.com
2026-08-21,bitrue,spot,BTC,USDT,77360.97,2639632339,,,bykaranteli.com
2026-08-21,bitrue,spot,DOGE,USDT,0.08492,14686941,,,bykaranteli.com
2026-08-21,bitrue,spot,DOT,USDT,0.9066,1285922,,,bykaranteli.com
2026-08-21,bitrue,spot,ENA,USDT,0.1498,20562651,,,bykaranteli.com
2026-08-21,bitrue,spot,ETH,USDT,2424.5,79552051,,,bykaranteli.com
2026-08-21,bitrue,spot,FIL,USDT,0.7876,921685,,,bykaranteli.com
2026-08-21,bitrue,spot,HBAR,USDT,0.07732,767279,,,bykaranteli.com
2026-08-21,bitrue,spot,HYPE,USDT,74.911,6904413,,,bykaranteli.com
2026-08-21,bitrue,spot,LINK,USDT,11.63,12202006,,,bykaranteli.com
2026-08-21,bitrue,spot,LTC,USDT,52,4541652,,,bykaranteli.com
2026-08-21,bitrue,spot,NEAR,USDT,1.903,3679784,,,bykaranteli.com
2026-08-21,bitrue,spot,ONDO,USDT,0.3866,5009025,,,bykaranteli.com
2026-08-21,bitrue,spot,OP,USDT,0.103,23789,,,bykaranteli.com
2026-08-21,bitrue,spot,PEPE,USDT,0.00000405,14489430,,,bykaranteli.com
2026-08-21,bitrue,spot,SOL,USDT,91.87,66583948,,,bykaranteli.com
2026-08-21,bitrue,spot,SUI,USDT,0.8152,12525918,,,bykaranteli.com
2026-08-21,bitrue,spot,TAO,USDT,229.25,6179834,,,bykaranteli.com
2026-08-21,bitrue,spot,TRX,USDT,0.3403,9567682,,,bykaranteli.com
2026-08-21,bitrue,spot,UNI,USDT,3.982,269432,,,bykaranteli.com
2026-08-21,bitrue,spot,USDC,USDT,1.0003,140564011,,,bykaranteli.com
2026-08-21,bitrue,spot,WIF,USDT,0.189,1268745,,,bykaranteli.com
2026-08-21,bitrue,spot,XLM,USDT,0.1935,234503678,,,bykaranteli.com
2026-08-21,bitrue,spot,XRP,USDT,1.3959,403378825,,,bykaranteli.com
2026-08-21,bitso,spot,AAVE,USD,112.339,43730,,,bykaranteli.com
2026-08-21,bitso,spot,ADA,USD,0.21957,138169,,,bykaranteli.com
2026-08-21,bitso,spot,ARB,USD,0.09801,2232,,,bykaranteli.com
2026-08-21,bitso,spot,AVAX,USD,7.65,33420,,,bykaranteli.com
2026-08-21,bitso,spot,BCH,USD,293.582,119160,,,bykaranteli.com
2026-08-21,bitso,spot,BTC,USD,77298,2885342,,,bykaranteli.com
2026-08-21,bitso,spot,DOGE,USD,0.084998,53747,,,bykaranteli.com
2026-08-21,bitso,spot,DOT,USD,0.9027,24411,,,bykaranteli.com
2026-08-21,bitso,spot,ETH,USD,2424.3,680173,,,bykaranteli.com
2026-08-21,bitso,spot,HBAR,USD,0.07726,22820,,,bykaranteli.com
2026-08-21,bitso,spot,HYPE,USD,75.626,211133,,,bykaranteli.com
2026-08-21,bitso,spot,LINK,USD,11.6542,101096,,,bykaranteli.com
2026-08-21,bitso,spot,LTC,USD,51.956,45535,,,bykaranteli.com
2026-08-21,bitso,spot,NEAR,USD,1.9076,18243,,,bykaranteli.com
2026-08-21,bitso,spot,ONDO,USD,0.38848,42346,,,bykaranteli.com
2026-08-21,bitso,spot,PEPE,USD,0.00000405,883206,,,bykaranteli.com
2026-08-21,bitso,spot,SOL,USDT,91.967,297678,,,bykaranteli.com
2026-08-21,bitso,spot,TON,USD,1.468,9124,,,bykaranteli.com
2026-08-21,bitso,spot,TRX,USD,0.339643,21914,,,bykaranteli.com
2026-08-21,bitso,spot,UNI,USD,3.9907,60352,,,bykaranteli.com
2026-08-21,bitso,spot,USDT,MXN,1.000059178601018,3813864,,,bykaranteli.com
2026-08-21,bitso,spot,WIF,USD,0.19,153206,,,bykaranteli.com
2026-08-21,bitso,spot,XLM,USD,0.193893,140122,,,bykaranteli.com
2026-08-21,bitso,spot,XRP,USDT,1.3944,1298631,,,bykaranteli.com
2026-08-21,bitstamp,spot,AAVE,USD,111.367,4213293,,,bykaranteli.com
2026-08-21,bitstamp,spot,ADA,USD,0.22008,2802061,,,bykaranteli.com
2026-08-21,bitstamp,spot,APT,USD,0.56,0,,,bykaranteli.com
2026-08-21,bitstamp,spot,ARB,USD,0.098649,186486,,,bykaranteli.com
2026-08-21,bitstamp,spot,AVAX,USD,7.6408,1043312,,,bykaranteli.com
2026-08-21,bitstamp,spot,BCH,USD,296.58,3512636,,,bykaranteli.com
2026-08-21,bitstamp,spot,BNB,USD,679.156,59891,,,bykaranteli.com
2026-08-21,bitstamp,spot,BTC,USD,77311.06,460728679,,,bykaranteli.com
2026-08-21,bitstamp,spot,DOGE,USD,0.084908,8070294,,,bykaranteli.com
2026-08-21,bitstamp,spot,DOT,USD,0.90912,123822,,,bykaranteli.com
2026-08-21,bitstamp,spot,ENA,USD,0.14994,6464454,,,bykaranteli.com
2026-08-21,bitstamp,spot,ETH,USD,2423.54,70029310,,,bykaranteli.com
2026-08-21,bitstamp,spot,HBAR,USD,0.077346,1896955,,,bykaranteli.com
2026-08-21,bitstamp,spot,HYPE,USD,75.062,11608073,,,bykaranteli.com
2026-08-21,bitstamp,spot,LINK,USD,11.6295,1501876,,,bykaranteli.com
2026-08-21,bitstamp,spot,LTC,USD,51.996,2988869,,,bykaranteli.com
2026-08-21,bitstamp,spot,NEAR,USD,1.90559,316556,,,bykaranteli.com
2026-08-21,bitstamp,spot,ONDO,USD,0.3866,1665405,,,bykaranteli.com
2026-08-21,bitstamp,spot,OP,USD,0.104033,69261,,,bykaranteli.com
2026-08-21,bitstamp,spot,PEPE,USD,0.00000404,1409669,,,bykaranteli.com
2026-08-21,bitstamp,spot,SOL,USD,91.82,67562363,,,bykaranteli.com
2026-08-21,bitstamp,spot,SUI,USD,0.81477,3738384,,,bykaranteli.com
2026-08-21,bitstamp,spot,TAO,USD,229.86,13900,,,bykaranteli.com
2026-08-21,bitstamp,spot,TON,USD,1.4689,171939,,,bykaranteli.com
2026-08-21,bitstamp,spot,TRX,USD,0.34032,2155,,,bykaranteli.com
2026-08-21,bitstamp,spot,UNI,USD,3.99136,1917029,,,bykaranteli.com
2026-08-21,bitstamp,spot,USDC,USD,0.99997,4811454,,,bykaranteli.com
2026-08-21,bitstamp,spot,USDT,USD,0.99975,36054568,,,bykaranteli.com
2026-08-21,bitstamp,spot,WIF,USD,0.18901,363115,,,bykaranteli.com
2026-08-21,bitstamp,spot,XLM,USD,0.194018,1888942,,,bykaranteli.com
2026-08-21,bitstamp,spot,XRP,USD,1.39532,113884470,,,bykaranteli.com
2026-08-21,bitvavo,spot,AAVE,EUR,111.5504755665267,1471472,,,bykaranteli.com
2026-08-21,bitvavo,spot,ADA,EUR,0.2193338558910584,23418991,,,bykaranteli.com
2026-08-21,bitvavo,spot,APT,EUR,0.6365455034687694,350342,,,bykaranteli.com
2026-08-21,bitvavo,spot,ARB,EUR,0.09857622518338266,1100912,,,bykaranteli.com
2026-08-21,bitvavo,spot,AVAX,EUR,7.648256256068883,4193171,,,bykaranteli.com
2026-08-21,bitvavo,spot,BCH,EUR,296.7347941551528,5201390,,,bykaranteli.com
2026-08-21,bitvavo,spot,BNB,EUR,679.8787978052575,731850,,,bykaranteli.com
2026-08-21,bitvavo,spot,BTC,EUR,77448.90438363537,133920736,,,bykaranteli.com
2026-08-21,bitvavo,spot,DOGE,EUR,0.08502989108181147,2567160,,,bykaranteli.com
2026-08-21,bitvavo,spot,DOT,EUR,0.9091334511038057,653283,,,bykaranteli.com
2026-08-21,bitvavo,spot,ENA,EUR,0.1498063806638043,6781515,,,bykaranteli.com
2026-08-21,bitvavo,spot,ETH,EUR,2426.816570539443,52646752,,,bykaranteli.com
2026-08-21,bitvavo,spot,FIL,EUR,0.7813212911075494,627259,,,bykaranteli.com
2026-08-21,bitvavo,spot,HBAR,EUR,0.07742433637118758,2086372,,,bykaranteli.com
2026-08-21,bitvavo,spot,HYPE,EUR,75.12430244393228,20448100,,,bykaranteli.com
2026-08-21,bitvavo,spot,LINK,EUR,11.64558887186027,8583517,,,bykaranteli.com
2026-08-21,bitvavo,spot,LTC,EUR,52.06546790364659,1048838,,,bykaranteli.com
2026-08-21,bitvavo,spot,NEAR,EUR,1.907647671303392,1915305,,,bykaranteli.com
2026-08-21,bitvavo,spot,ONDO,EUR,0.3867590111959942,3672495,,,bykaranteli.com
2026-08-21,bitvavo,spot,OP,EUR,0.1038291002257917,492712,,,bykaranteli.com
2026-08-21,bitvavo,spot,PEPE,EUR,0.000004047404564970693,4994133,,,bykaranteli.com
2026-08-21,bitvavo,spot,SOL,EUR,91.96742983492635,29877639,,,bykaranteli.com
2026-08-21,bitvavo,spot,SUI,EUR,0.8158218000163786,6763044,,,bykaranteli.com
2026-08-21,bitvavo,spot,TAO,EUR,229.8513050294231,6100766,,,bykaranteli.com
2026-08-21,bitvavo,spot,TRX,EUR,0.3405711477941434,583104,,,bykaranteli.com
2026-08-21,bitvavo,spot,UNI,EUR,3.992419013301824,1344052,,,bykaranteli.com
2026-08-21,bitvavo,spot,USDC,EUR,1.001438983586228,3146761,,,bykaranteli.com
2026-08-21,bitvavo,spot,WIF,EUR,0.1891736958480059,601635,,,bykaranteli.com
2026-08-21,bitvavo,spot,XLM,EUR,0.1934789475531429,4035916,,,bykaranteli.com
2026-08-21,bitvavo,spot,XRP,EUR,1.395966166337143,123846934,,,bykaranteli.com
2026-08-21,btcmarkets,spot,ADA,AUD,0.2204143072181206,35107,,,bykaranteli.com
2026-08-21,btcmarkets,spot,AVAX,AUD,7.684036986595943,5673,,,bykaranteli.com
2026-08-21,btcmarkets,spot,BCH,AUD,299.3477170095334,12909,,,bykaranteli.com
2026-08-21,btcmarkets,spot,BTC,AUD,77296.63823381836,3230828,,,bykaranteli.com
2026-08-21,btcmarkets,spot,DOGE,AUD,0.08400831481614221,41895,,,bykaranteli.com
2026-08-21,btcmarkets,spot,DOT,AUD,0.9031610637230306,239,,,bykaranteli.com
2026-08-21,btcmarkets,spot,ETH,AUD,2413.73378252455,847161,,,bykaranteli.com
2026-08-21,btcmarkets,spot,LINK,AUD,11.55472725969465,17900,,,bykaranteli.com
2026-08-21,btcmarkets,spot,LTC,AUD,50.67737079779228,42017,,,bykaranteli.com
2026-08-21,btcmarkets,spot,SOL,AUD,91.76403125223999,160597,,,bykaranteli.com
2026-08-21,btcmarkets,spot,USDC,AUD,0.9999283205504982,49677,,,bykaranteli.com
2026-08-21,btcmarkets,spot,USDT,AUD,0.9989964877069744,114636,,,bykaranteli.com
2026-08-21,btcmarkets,spot,XRP,AUD,1.385133682173321,4032708,,,bykaranteli.com
2026-08-21,btcturk,spot,AAVE,USDT,111.82,531777,,,bykaranteli.com
2026-08-21,btcturk,spot,ADA,USDT,0.22,396893,,,bykaranteli.com
2026-08-21,btcturk,spot,APT,USDT,0.63,100897,,,bykaranteli.com
2026-08-21,btcturk,spot,ARB,USDT,0.0987,109268,,,bykaranteli.com
2026-08-21,btcturk,spot,AVAX,USDT,7.63,1016643,,,bykaranteli.com
2026-08-21,btcturk,spot,BTC,USDT,77420,4600519,,,bykaranteli.com
2026-08-21,btcturk,spot,DOGE,USDT,0.08499,227870,,,bykaranteli.com
2026-08-21,btcturk,spot,DOT,USDT,0.909,105833,,,bykaranteli.com
2026-08-21,btcturk,spot,ENA,USDT,0.15,2146661,,,bykaranteli.com
2026-08-21,btcturk,spot,ETH,USDT,2422.7,2195589,,,bykaranteli.com
2026-08-21,btcturk,spot,FIL,USDT,0.789,188904,,,bykaranteli.com
2026-08-21,btcturk,spot,HBAR,USDT,0.07722,185297,,,bykaranteli.com
2026-08-21,btcturk,spot,HYPE,USDT,75.185,368953,,,bykaranteli.com
2026-08-21,btcturk,spot,LINK,USDT,11.635,360916,,,bykaranteli.com
2026-08-21,btcturk,spot,LTC,USDT,52.05,158070,,,bykaranteli.com
2026-08-21,btcturk,spot,NEAR,USDT,1.891,76544,,,bykaranteli.com
2026-08-21,btcturk,spot,ONDO,USDT,0.38823,303939,,,bykaranteli.com
2026-08-21,btcturk,spot,OP,USDT,0.1047,74861,,,bykaranteli.com
2026-08-21,btcturk,spot,PEPE,USDT,0.00000404,3356317,,,bykaranteli.com
2026-08-21,btcturk,spot,SOL,USDT,91.88,1450633,,,bykaranteli.com
2026-08-21,btcturk,spot,SUI,USDT,0.817,242115,,,bykaranteli.com
2026-08-21,btcturk,spot,TRX,USDT,0.34034,101246,,,bykaranteli.com
2026-08-21,btcturk,spot,UNI,USDT,3.99,116397,,,bykaranteli.com
2026-08-21,btcturk,spot,USDC,USDT,1.0003,1594,,,bykaranteli.com
2026-08-21,btcturk,spot,USDT,TRY,0.9937377772229851,11334529,,,bykaranteli.com
2026-08-21,btcturk,spot,WIF,USDT,0.189,71469,,,bykaranteli.com
2026-08-21,btcturk,spot,XLM,USDT,0.1946,134398,,,bykaranteli.com
2026-08-21,btcturk,spot,XRP,USDT,1.395,4458815,,,bykaranteli.com
2026-08-21,btse,perp,AAVE,USD,111.46,995529,31661,0.01,bykaranteli.com
2026-08-21,btse,perp,ADA,USD,0.219,82750124,190188,0.01,bykaranteli.com
2026-08-21,btse,perp,APT,USD,0.635,12146881,19329,0.01,bykaranteli.com
2026-08-21,btse,perp,ARB,USD,0.0983,62894420,85137,0.01,bykaranteli.com
2026-08-21,btse,perp,AVAX,USD,7.638,23739511,95078,0.01,bykaranteli.com
2026-08-21,btse,perp,BCH,USD,296.8,57370943,276231,0.01,bykaranteli.com
2026-08-21,btse,perp,BNB,USD,679.33,84928037,466278,0.01,bykaranteli.com
2026-08-21,btse,perp,BTC,USD,77351.1,1103540447,25053956,0.01,bykaranteli.com
2026-08-21,btse,perp,DOGE,USD,0.08487,205628642,44836,0.01,bykaranteli.com
2026-08-21,btse,perp,DOT,USD,0.906,61957442,28568,0.01,bykaranteli.com
2026-08-21,btse,perp,ENA,USD,0.1501,19581532,55553,0.005,bykaranteli.com
2026-08-21,btse,perp,ETH,USD,2423.43,850429181,5193256,0.01,bykaranteli.com
2026-08-21,btse,perp,FIL,USD,0.787,20038998,49054,0.01,bykaranteli.com
2026-08-21,btse,perp,HYPE,USD,75.078,443605,9251990,0.012736,bykaranteli.com
2026-08-21,btse,perp,LINK,USD,11.62,35790717,33132,0.01,bykaranteli.com
2026-08-21,btse,perp,LTC,USD,51.98,27384749,454215,0.01,bykaranteli.com
2026-08-21,btse,perp,NEAR,USD,1.9,19064928,189843,0.01,bykaranteli.com
2026-08-21,btse,perp,ONDO,USD,0.3865,5385187,54050,0.005,bykaranteli.com
2026-08-21,btse,perp,OP,USD,0.1038,12233769,8146,0.01,bykaranteli.com
2026-08-21,btse,perp,SOL,USD,91.88,144756395,372711,0.01,bykaranteli.com
2026-08-21,btse,perp,SUI,USD,0.8154,75466462,551601,0.01,bykaranteli.com
2026-08-21,btse,perp,TAO,USD,229.44,7941654,23266,0.005,bykaranteli.com
2026-08-21,btse,perp,TRX,USD,0.34026,6866551,763104,0.01,bykaranteli.com
2026-08-21,btse,perp,UNI,USD,3.983,10577149,123759,0.01,bykaranteli.com
2026-08-21,btse,perp,WIF,USD,0.1892,11791019,24013,0.005,bykaranteli.com
2026-08-21,btse,perp,XRP,USD,1.3961,240585978,744332,0.01,bykaranteli.com
2026-08-21,bybit,perp,AAVE,USDT,111.42,65026860,51326298,0.01,bykaranteli.com
2026-08-21,bybit,perp,ADA,USDT,0.2191,174098164,64694121,0.01,bykaranteli.com
2026-08-21,bybit,perp,APT,USDT,0.6344,24573335,19295460,0.01,bykaranteli.com
2026-08-21,bybit,perp,ARB,USDT,0.09846,23587762,19353323,0.01,bykaranteli.com
2026-08-21,bybit,perp,AVAX,USDT,7.639,50977246,50493122,0.01,bykaranteli.com
2026-08-21,bybit,perp,BCH,USDT,296.7,90803825,40296912,0.01,bykaranteli.com
2026-08-21,bybit,perp,BNB,USDT,678.8,65608155,101610492,0.01,bykaranteli.com
2026-08-21,bybit,perp,BTC,USDT,77328.3,11691782868,3826574224,0.01,bykaranteli.com
2026-08-21,bybit,perp,DOGE,USDT,0.08486,366539909,126059733,0.01,bykaranteli.com
2026-08-21,bybit,perp,DOT,USDT,0.907,18333725,19427355,0.01,bykaranteli.com
2026-08-21,bybit,perp,ENA,USDT,0.14975,391245326,83224964,0.005,bykaranteli.com
2026-08-21,bybit,perp,ETH,USDT,2423.63,5022530070,1866092646,0.01,bykaranteli.com
2026-08-21,bybit,perp,FIL,USDT,0.7874,12622529,9909407,0.01,bykaranteli.com
2026-08-21,bybit,perp,HBAR,USDT,0.07723,17712234,15979757,0.01,bykaranteli.com
2026-08-21,bybit,perp,HYPE,USDT,75.06,705403478,286429891,0.01,bykaranteli.com
2026-08-21,bybit,perp,LINK,USDT,11.626,101120977,78171231,0.01,bykaranteli.com
2026-08-21,bybit,perp,LTC,USDT,51.97,54221351,66597495,0.01,bykaranteli.com
2026-08-21,bybit,perp,NEAR,USDT,1.901,118303422,80623303,0.01,bykaranteli.com
2026-08-21,bybit,perp,ONDO,USDT,0.3866,87019657,40586560,0.005,bykaranteli.com
2026-08-21,bybit,perp,OP,USDT,0.10371,13105640,11951893,0.01,bykaranteli.com
2026-08-21,bybit,perp,PEPE,USDT,0.004042,245081848,59514155,0.01,bykaranteli.com
2026-08-21,bybit,perp,SOL,USDT,91.86,1035075666,560780149,0.01,bykaranteli.com
2026-08-21,bybit,perp,SUI,USDT,0.815,143073889,61686952,0.01,bykaranteli.com
2026-08-21,bybit,perp,TAO,USDT,229.68,59005503,38057378,0.010123,bykaranteli.com
2026-08-21,bybit,perp,TRX,USDT,0.3401,10368491,46243623,0.01,bykaranteli.com
2026-08-21,bybit,perp,UNI,USDT,3.98,43755880,40135521,0.01,bykaranteli.com
2026-08-21,bybit,perp,WIF,USDT,0.1889,25194330,13261915,0.005,bykaranteli.com
2026-08-21,bybit,perp,XLM,USDT,0.1934,33517262,30316777,0.01,bykaranteli.com
2026-08-21,bybit,perp,XRP,USDT,1.3956,1481271771,312176313,0.01,bykaranteli.com
2026-08-21,bybit,spot,BNB,USDT,679.2,7990833,,,bykaranteli.com
2026-08-21,bybit,spot,BTC,USDT,77362.7,1535101304,,,bykaranteli.com
2026-08-21,bybit,spot,DOGE,USDT,0.08489,19397792,,,bykaranteli.com
2026-08-21,bybit,spot,ETH,USDT,2424.21,429822997,,,bykaranteli.com
2026-08-21,bybit,spot,SOL,USDT,91.88,96782675,,,bykaranteli.com
2026-08-21,bybit,spot,USDC,USDT,1.0003,380367009,,,bykaranteli.com
2026-08-21,bybit,spot,XRP,USDT,1.3962,145735849,,,bykaranteli.com
2026-08-21,coinbase,spot,ADA,USD,0.219,44961045,,,bykaranteli.com
2026-08-21,coinbase,spot,BNB,USD,678.93,4893095,,,bykaranteli.com
2026-08-21,coinbase,spot,BTC,USD,77338.49,1514573251,,,bykaranteli.com
2026-08-21,coinbase,spot,DOGE,USD,0.08488,31656969,,,bykaranteli.com
2026-08-21,coinbase,spot,ETH,USD,2423.65,574240120,,,bykaranteli.com
2026-08-21,coinbase,spot,LINK,USD,11.63,38183845,,,bykaranteli.com
2026-08-21,coinbase,spot,SOL,USD,91.84,172368640,,,bykaranteli.com
2026-08-21,coinbase,spot,USDT,USD,0.99966,48464360,,,bykaranteli.com
2026-08-21,coinbase,spot,XRP,USD,1.3956,506691842,,,bykaranteli.com
2026-08-21,coincheck,spot,AVAX,JPY,6.994391934467549,4954,,,bykaranteli.com
2026-08-21,coincheck,spot,BCH,JPY,297.1455576559546,28262,,,bykaranteli.com
2026-08-21,coincheck,spot,BTC,JPY,77466.55324511658,146487353,,,bykaranteli.com
2026-08-21,coincheck,spot,DOGE,JPY,0.08561436672967865,91483,,,bykaranteli.com
2026-08-21,coincheck,spot,ETH,JPY,2431.178323881538,3063630,,,bykaranteli.com
2026-08-21,coincheck,spot,SOL,JPY,91.49338374291116,86022,,,bykaranteli.com
2026-08-21,coincheck,spot,XRP,JPY,1.397857592942659,4293815,,,bykaranteli.com
2026-08-21,coinex,perp,AAVE,USDT,111.4,1028563,503673,0,bykaranteli.com
2026-08-21,coinex,perp,ADA,USDT,0.219153,4539190,3047321,0.039191,bykaranteli.com
2026-08-21,coinex,perp,APT,USDT,0.6344,529630,270879,0,bykaranteli.com
2026-08-21,coinex,perp,ARB,USDT,0.098395,540693,111041,0,bykaranteli.com
2026-08-21,coinex,perp,AVAX,USDT,7.643,6108638,727973,0,bykaranteli.com
2026-08-21,coinex,perp,BCH,USDT,296.92,5275064,1761908,0.049233,bykaranteli.com
2026-08-21,coinex,perp,BNB,USDT,679.09,1931028,831376,0.001701,bykaranteli.com
2026-08-21,coinex,perp,BTC,USDT,77350,221102547,88970368,0,bykaranteli.com
2026-08-21,coinex,perp,DOGE,USDT,0.084904,8967925,3016414,0.007573,bykaranteli.com
2026-08-21,coinex,perp,DOT,USDT,0.9077,441577,437822,0.024489,bykaranteli.com
2026-08-21,coinex,perp,ENA,USDT,0.149668,5573903,452881,0.001331,bykaranteli.com
2026-08-21,coinex,perp,ETH,USDT,2424.86,78470752,12288863,0.022293,bykaranteli.com
2026-08-21,coinex,perp,FIL,USDT,0.788,484764,194349,0.021977,bykaranteli.com
2026-08-21,coinex,perp,HBAR,USDT,0.077322,439361,382641,0,bykaranteli.com
2026-08-21,coinex,perp,HYPE,USDT,75.06,8125791,1303646,0.026227,bykaranteli.com
2026-08-21,coinex,perp,LINK,USDT,11.6312,9722206,1145667,0,bykaranteli.com
2026-08-21,coinex,perp,LTC,USDT,52.01,2238605,1329001,0,bykaranteli.com
2026-08-21,coinex,perp,NEAR,USDT,1.9033,3235896,581668,0.044231,bykaranteli.com
2026-08-21,coinex,perp,ONDO,USDT,0.3873,637326,134366,0.065576,bykaranteli.com
2026-08-21,coinex,perp,OP,USDT,0.103749,170258,147250,0,bykaranteli.com
2026-08-21,coinex,perp,PEPE,USDT,0.0000040432,5864097,593940,0.029607,bykaranteli.com
2026-08-21,coinex,perp,SOL,USDT,91.91,21193527,3265029,0.021808,bykaranteli.com
2026-08-21,coinex,perp,SUI,USDT,0.8151,1289850,933717,0.05838599999999999,bykaranteli.com
2026-08-21,coinex,perp,TAO,USDT,229.67,616618,317287,0.04123,bykaranteli.com
2026-08-21,coinex,perp,TRX,USDT,0.3403,377632,1562646,0,bykaranteli.com
2026-08-21,coinex,perp,UNI,USDT,3.9842,795501,337703,0,bykaranteli.com
2026-08-21,coinex,perp,WIF,USDT,0.18896,440376,207959,0.026158,bykaranteli.com
2026-08-21,coinex,perp,XLM,USDT,0.193437,3985786,389021,0.042076,bykaranteli.com
2026-08-21,coinex,perp,XRP,USDT,1.3944,25240834,3590559,0,bykaranteli.com
2026-08-21,coinone,spot,AAVE,KRW,110.0250680883957,4122,,,bykaranteli.com
2026-08-21,coinone,spot,ADA,KRW,0.2177383816273307,819280,,,bykaranteli.com
2026-08-21,coinone,spot,APT,KRW,0.6292306914313373,2094,,,bykaranteli.com
2026-08-21,coinone,spot,ARB,KRW,0.09796059903339763,16027,,,bykaranteli.com
2026-08-21,coinone,spot,AVAX,KRW,7.599893081352088,6947,,,bykaranteli.com
2026-08-21,coinone,spot,BCH,KRW,294.3874934078874,695561,,,bykaranteli.com
2026-08-21,coinone,spot,BNB,KRW,676.9106290139645,38636,,,bykaranteli.com
2026-08-21,coinone,spot,BTC,KRW,76836.94183770037,20796793,,,bykaranteli.com
2026-08-21,coinone,spot,DOGE,KRW,0.08423455639597466,1292437,,,bykaranteli.com
2026-08-21,coinone,spot,DOT,KRW,0.8972497345094385,3359,,,bykaranteli.com
2026-08-21,coinone,spot,ENA,KRW,0.1490359261105452,1533031,,,bykaranteli.com
2026-08-21,coinone,spot,ETH,KRW,2406.392001329259,7476117,,,bykaranteli.com
2026-08-21,coinone,spot,FIL,KRW,0.7802171604429899,90963,,,bykaranteli.com
2026-08-21,coinone,spot,HBAR,KRW,0.07672135411022735,159828,,,bykaranteli.com
2026-08-21,coinone,spot,HYPE,KRW,74.0483879124134,69868,,,bykaranteli.com
2026-08-21,coinone,spot,LINK,KRW,11.57322121323768,371882,,,bykaranteli.com
2026-08-21,coinone,spot,NEAR,KRW,1.914421736272151,14995,,,bykaranteli.com
2026-08-21,coinone,spot,ONDO,KRW,0.3843291938478432,519840,,,bykaranteli.com
2026-08-21,coinone,spot,OP,KRW,0.1012115038685767,4321,,,bykaranteli.com
2026-08-21,coinone,spot,PEPE,KRW,0.000004045570461556244,67224,,,bykaranteli.com
2026-08-21,coinone,spot,SOL,KRW,91.24206237402744,1949529,,,bykaranteli.com
2026-08-21,coinone,spot,SUI,KRW,0.8105589389046618,418168,,,bykaranteli.com
2026-08-21,coinone,spot,TRX,KRW,0.3379496181992877,1186890,,,bykaranteli.com
2026-08-21,coinone,spot,UNI,KRW,3.919146384632612,48316,,,bykaranteli.com
2026-08-21,coinone,spot,USDC,KRW,0.9926096096746928,4766765,,,bykaranteli.com
2026-08-21,coinone,spot,USDT,KRW,0.9926096096746928,35468465,,,bykaranteli.com
2026-08-21,coinone,spot,WIF,KRW,0.1631231803963214,0,,,bykaranteli.com
2026-08-21,coinone,spot,XLM,KRW,0.1920923545942509,1416939,,,bykaranteli.com
2026-08-21,coinone,spot,XRP,KRW,1.385607883083014,14982676,,,bykaranteli.com
2026-08-21,cryptocom,perp,AAVE,USD,111.529,68309,16695,,bykaranteli.com
2026-08-21,cryptocom,perp,ADA,USD,0.21916,2442242,523318,,bykaranteli.com
2026-08-21,cryptocom,perp,APT,USD,0.6355,11244,30245,,bykaranteli.com
2026-08-21,cryptocom,perp,ARB,USD,0.0982,7409,90740,,bykaranteli.com
2026-08-21,cryptocom,perp,AVAX,USD,7.646,100360,119448,,bykaranteli.com
2026-08-21,cryptocom,perp,BCH,USD,296.88,259079,102504,,bykaranteli.com
2026-08-21,cryptocom,perp,BTC,USD,77335.2,848389975,470144345,,bykaranteli.com
2026-08-21,cryptocom,perp,DOGE,USD,0.084861,7744152,276688,,bykaranteli.com
2026-08-21,cryptocom,perp,DOT,USD,0.9081,64466,86495,,bykaranteli.com
2026-08-21,cryptocom,perp,ENA,USD,0.14982,40082,25285,,bykaranteli.com
2026-08-21,cryptocom,perp,ETH,USD,2423.37,146956057,426376917,,bykaranteli.com
2026-08-21,cryptocom,perp,FIL,USD,0.7852,22438,18218,,bykaranteli.com
2026-08-21,cryptocom,perp,HBAR,USD,0.077225,34006,75451,,bykaranteli.com
2026-08-21,cryptocom,perp,HYPE,USD,75.339,21705,41323,,bykaranteli.com
2026-08-21,cryptocom,perp,LINK,USD,11.631,3635095,117945,,bykaranteli.com
2026-08-21,cryptocom,perp,LTC,USD,52.076,66664,122551,,bykaranteli.com
2026-08-21,cryptocom,perp,NEAR,USD,1.9006,175009,73648,,bykaranteli.com
2026-08-21,cryptocom,perp,ONDO,USD,0.38739,9267,93733,,bykaranteli.com
2026-08-21,cryptocom,perp,OP,USD,0.1037,4478,31880,,bykaranteli.com
2026-08-21,cryptocom,perp,PEPE,USD,0.000004053,24802,30969,,bykaranteli.com
2026-08-21,cryptocom,perp,SOL,USD,91.85,34481344,2852515,,bykaranteli.com
2026-08-21,cryptocom,perp,SUI,USD,0.81441,876946,331245,,bykaranteli.com
2026-08-21,cryptocom,perp,TAO,USD,230.22,90430,46343,,bykaranteli.com
2026-08-21,cryptocom,perp,UNI,USD,3.9831,25265,278797,,bykaranteli.com
2026-08-21,cryptocom,perp,WIF,USD,0.1882,15028,64722,,bykaranteli.com
2026-08-21,cryptocom,perp,XLM,USD,0.19405,29824,58605,,bykaranteli.com
2026-08-21,cryptocom,perp,XRP,USD,1.3956,26879913,1601418,,bykaranteli.com
2026-08-21,cryptocom,spot,BTC,USD,77333.67,742641115,,,bykaranteli.com
2026-08-21,cryptocom,spot,DOGE,USD,0.084863,6526998,,,bykaranteli.com
2026-08-21,cryptocom,spot,ETH,USD,2423.66,359523134,,,bykaranteli.com
2026-08-21,cryptocom,spot,SOL,USD,91.85,42680094,,,bykaranteli.com
2026-08-21,cryptocom,spot,USDT,USD,0.99954,3438203,,,bykaranteli.com
2026-08-21,cryptocom,spot,XRP,USD,1.3957,57781960,,,bykaranteli.com
2026-08-21,deribit,perp,BTC,USD,77326,1189891430,920920150,0.005685,bykaranteli.com
2026-08-21,deribit,perp,ETH,USD,2424.05,292041201,285374197,0.007600000000000001,bykaranteli.com
2026-08-21,dydx,perp,AAVE,USDC,111.43544931,6714,73224,0,bykaranteli.com
2026-08-21,dydx,perp,ADA,USDC,0.2188543106,91113,162486,0,bykaranteli.com
2026-08-21,dydx,perp,APT,USDC,0.635103085,1005,34729,0,bykaranteli.com
2026-08-21,dydx,perp,ARB,USDC,0.0984,1800,72244,0,bykaranteli.com
2026-08-21,dydx,perp,AVAX,USDC,7.63759415,101839,119677,0,bykaranteli.com
2026-08-21,dydx,perp,BCH,USDC,296.4066319,37310,13306,0,bykaranteli.com
2026-08-21,dydx,perp,BNB,USDC,679.0800218,135204,121759,0.004390000000000001,bykaranteli.com
2026-08-21,dydx,perp,BTC,USDC,77351.44209,56520591,31036686,-0.006536666666666664,bykaranteli.com
2026-08-21,dydx,perp,DOGE,USDC,0.08486825181,44838,198507,0,bykaranteli.com
2026-08-21,dydx,perp,DOT,USDC,0.907268546,59474,97121,0,bykaranteli.com
2026-08-21,dydx,perp,ENA,USDC,0.1496835259,12948,99646,0,bykaranteli.com
2026-08-21,dydx,perp,ETH,USDC,2422.901786,32893162,26271006,-0.01768333333333334,bykaranteli.com
2026-08-21,dydx,perp,FIL,USDC,0.787751858,46916,59582,0,bykaranteli.com
2026-08-21,dydx,perp,HBAR,USDC,0.077324535,16244,18548,0,bykaranteli.com
2026-08-21,dydx,perp,HYPE,USDC,75.0318203,98321,181427,0.01452333333333334,bykaranteli.com
2026-08-21,dydx,perp,LINK,USDC,11.628337076,130570,356443,0.01348666666666666,bykaranteli.com
2026-08-21,dydx,perp,LTC,USDC,52.00361887,148445,564608,0.005376666666666664,bykaranteli.com
2026-08-21,dydx,perp,NEAR,USDC,1.902350372,23441,86060,0,bykaranteli.com
2026-08-21,dydx,perp,ONDO,USDC,0.386778164,22699,118378,0.05659666666666666,bykaranteli.com
2026-08-21,dydx,perp,OP,USDC,0.103717329,1046,32123,0,bykaranteli.com
2026-08-21,dydx,perp,PEPE,USDC,0.0000040407271718,7814,21295,0,bykaranteli.com
2026-08-21,dydx,perp,SOL,USDC,91.8460685,817553,5248819,0,bykaranteli.com
2026-08-21,dydx,perp,SUI,USDC,0.8142842181,37596,72447,0,bykaranteli.com
2026-08-21,dydx,perp,TAO,USDC,229.4838588,22488,90515,0.26183,bykaranteli.com
2026-08-21,dydx,perp,TON,USDC,1.723178673,0,0,0,bykaranteli.com
2026-08-21,dydx,perp,TRX,USDC,0.34020460489,137,175580,0,bykaranteli.com
2026-08-21,dydx,perp,UNI,USDC,3.980746065,16153,166395,0,bykaranteli.com
2026-08-21,dydx,perp,WIF,USDC,0.188893332,0,39044,0,bykaranteli.com
2026-08-21,dydx,perp,XLM,USDC,0.1932404659,26487,22799,0,bykaranteli.com
2026-08-21,dydx,perp,XRP,USDC,1.3940677677,203384,541540,0,bykaranteli.com
2026-08-21,gate,perp,AAVE,USDT,111.39,18044327,3504613,0.01,bykaranteli.com
2026-08-21,gate,perp,ADA,USDT,0.219,42448243,38963858,0.01,bykaranteli.com
2026-08-21,gate,perp,APT,USDT,0.634,4163278,628682,0.01,bykaranteli.com
2026-08-21,gate,perp,ARB,USDT,0.09842,4624053,871332,0.01,bykaranteli.com
2026-08-21,gate,perp,AVAX,USDT,7.641,15211848,4394989,0.01,bykaranteli.com
2026-08-21,gate,perp,BCH,USDT,296.89,45857665,6033681,0.01,bykaranteli.com
2026-08-21,gate,perp,BNB,USDT,678.7,40283836,15219613,0.01,bykaranteli.com
2026-08-21,gate,perp,BTC,USDT,77336.2,8077184839,2297908267,0.01,bykaranteli.com
2026-08-21,gate,perp,DOGE,USDT,0.08488,81387320,130960853,0.01,bykaranteli.com
2026-08-21,gate,perp,DOT,USDT,0.907,7449761,2510736,0.01,bykaranteli.com
2026-08-21,gate,perp,ENA,USDT,0.14979,52009616,4912350,0.005,bykaranteli.com
2026-08-21,gate,perp,ETH,USDT,2422.74,6466242265,1348528604,-0.0106,bykaranteli.com
2026-08-21,gate,perp,FIL,USDT,0.7876,5795752,1627303,0.01,bykaranteli.com
2026-08-21,gate,perp,HBAR,USDT,0.07724,1301789,672933,0.01,bykaranteli.com
2026-08-21,gate,perp,HYPE,USDT,75.06,100032454,18385752,0.005,bykaranteli.com
2026-08-21,gate,perp,LINK,USDT,11.628,19347896,56867129,0.0072,bykaranteli.com
2026-08-21,gate,perp,LTC,USDT,51.97,17074530,5015874,0.01,bykaranteli.com
2026-08-21,gate,perp,NEAR,USDT,1.9012,9163301,5110428,0.01,bykaranteli.com
2026-08-21,gate,perp,ONDO,USDT,0.3866,17670682,2577945,0.005,bykaranteli.com
2026-08-21,gate,perp,OP,USDT,0.10367,1143080,625181,0.01,bykaranteli.com
2026-08-21,gate,perp,PEPE,USDT,0.00000404,50798272,49148216,0.01,bykaranteli.com
2026-08-21,gate,perp,SOL,USDT,91.83,431439700,417453303,0.01,bykaranteli.com
2026-08-21,gate,perp,SUI,USDT,0.815,28370087,49725799,0.01,bykaranteli.com
2026-08-21,gate,perp,TAO,USDT,229.4,15443655,3937362,0.005,bykaranteli.com
2026-08-21,gate,perp,TRX,USDT,0.34014,4359485,2424858,0.01,bykaranteli.com
2026-08-21,gate,perp,UNI,USDT,3.98,18095617,4295737,0.0058,bykaranteli.com
2026-08-21,gate,perp,WIF,USDT,0.189,7274263,791106,0.005,bykaranteli.com
2026-08-21,gate,perp,XLM,USDT,0.1934,6359477,1384143,0.01,bykaranteli.com
2026-08-21,gate,perp,XRP,USDT,1.3958,254837338,153594628,0.01,bykaranteli.com
2026-08-21,gate,spot,BNB,USDT,679,26564808,,,bykaranteli.com
2026-08-21,gate,spot,BTC,USDT,77353.1,1812391228,,,bykaranteli.com
2026-08-21,gate,spot,DOGE,USDT,0.08491,50687236,,,bykaranteli.com
2026-08-21,gate,spot,ETH,USDT,2423.98,781889741,,,bykaranteli.com
2026-08-21,gate,spot,FDUSD,USDT,0.9987,20117002,,,bykaranteli.com
2026-08-21,gate,spot,SOL,USDT,91.88,187245784,,,bykaranteli.com
2026-08-21,gate,spot,USDC,USDT,1.0004,42624327,,,bykaranteli.com
2026-08-21,gate,spot,XRP,USDT,1.396,116890974,,,bykaranteli.com
2026-08-21,gemini,spot,BTC,USD,77343.96,44242308,,,bykaranteli.com
2026-08-21,gemini,spot,DAI,USD,0.99514,1128,,,bykaranteli.com
2026-08-21,gemini,spot,DOGE,USD,0.08504,184757,,,bykaranteli.com
2026-08-21,gemini,spot,ETH,USD,2422.89,11761761,,,bykaranteli.com
2026-08-21,gemini,spot,LINK,USD,11.63916,587709,,,bykaranteli.com
2026-08-21,gemini,spot,SOL,USD,91.868,4084592,,,bykaranteli.com
2026-08-21,gemini,spot,USDC,USD,0.99992,2108008,,,bykaranteli.com
2026-08-21,gemini,spot,USDT,USD,0.99978,2599924,,,bykaranteli.com
2026-08-21,gemini,spot,XRP,USD,1.39599,14929378,,,bykaranteli.com
2026-08-21,htx,perp,AAVE,USDT,111.279,758822,1255149,-0.0027755739140866,bykaranteli.com
2026-08-21,htx,perp,ADA,USDT,0.219172,11285600,1204299,0.01,bykaranteli.com
2026-08-21,htx,perp,APT,USDT,0.6358,70293,202696,0.01,bykaranteli.com
2026-08-21,htx,perp,ARB,USDT,0.0983,162219,283311,0.01,bykaranteli.com
2026-08-21,htx,perp,AVAX,USDT,7.6424,366646,254905,0.01,bykaranteli.com
2026-08-21,htx,perp,BCH,USDT,296.81,3057362,845451,0.01,bykaranteli.com
2026-08-21,htx,perp,BNB,USDT,679.103,10397998,7310408,0.01,bykaranteli.com
2026-08-21,htx,perp,BTC,USDT,77321.4,1567737633,2367640261,0.01,bykaranteli.com
2026-08-21,htx,perp,DOGE,USDT,0.08489,60065246,6419476,0.01,bykaranteli.com
2026-08-21,htx,perp,DOT,USDT,0.9083,139681,211450,0.01,bykaranteli.com
2026-08-21,htx,perp,ENA,USDT,0.14981,2782422,272872,0.005,bykaranteli.com
2026-08-21,htx,perp,ETH,USDT,2422.34,1302453320,1397607559,-0.0089386601033457,bykaranteli.com
2026-08-21,htx,perp,FIL,USDT,0.7874,4468269,509954,0.01,bykaranteli.com
2026-08-21,htx,perp,HBAR,USDT,0.07728,54781,56560,0.01,bykaranteli.com
2026-08-21,htx,perp,HYPE,USDT,75.042,5675908,703684,0.005,bykaranteli.com
2026-08-21,htx,perp,LINK,USDT,11.6154,2218786,632748,0.01,bykaranteli.com
2026-08-21,htx,perp,LTC,USDT,52.02,7813622,2859695,0.01,bykaranteli.com
2026-08-21,htx,perp,NEAR,USDT,1.902,242373,184180,0.01,bykaranteli.com
2026-08-21,htx,perp,ONDO,USDT,0.3857,416310,121356,0.005,bykaranteli.com
2026-08-21,htx,perp,OP,USDT,0.1034,272187,213282,0.01,bykaranteli.com
2026-08-21,htx,perp,PEPE,USDT,0.0000040507,7558376,905154,0.01,bykaranteli.com
2026-08-21,htx,perp,SOL,USDT,91.8196,53538685,203182543,0.01,bykaranteli.com
2026-08-21,htx,perp,SUI,USDT,0.8145,6889559,521612,0.01,bykaranteli.com
2026-08-21,htx,perp,TAO,USDT,229.68,75261,99242,0.005,bykaranteli.com
2026-08-21,htx,perp,TRX,USDT,0.340311,2471945,1187209,0.01,bykaranteli.com
2026-08-21,htx,perp,UNI,USDT,3.9835,699195,354751,0.01,bykaranteli.com
2026-08-21,htx,perp,WIF,USDT,0.1889,460710,164820,0.005,bykaranteli.com
2026-08-21,htx,perp,XLM,USDT,0.19342,1269992,272790,0.01,bykaranteli.com
2026-08-21,htx,perp,XRP,USDT,1.39463,37453679,59383255,0.01,bykaranteli.com
2026-08-21,htx,spot,BNB,USDT,679.57,5943308,,,bykaranteli.com
2026-08-21,htx,spot,BTC,USDT,77339.01,294014403,,,bykaranteli.com
2026-08-21,htx,spot,DOGE,USDT,0.085318,7941738,,,bykaranteli.com
2026-08-21,htx,spot,ETH,USDT,2422.36,136430856,,,bykaranteli.com
2026-08-21,htx,spot,SOL,USDT,91.7997,59891565,,,bykaranteli.com
2026-08-21,htx,spot,USDC,USDT,1.0007,5511985,,,bykaranteli.com
2026-08-21,htx,spot,XRP,USDT,1.39435,14502994,,,bykaranteli.com
2026-08-21,hyperliquid,perp,AAVE,USDC,111.55,47800741,69562301,0.06211384,bykaranteli.com
2026-08-21,hyperliquid,perp,ADA,USDC,0.21921,26639996,42619630,0.03852752,bykaranteli.com
2026-08-21,hyperliquid,perp,APT,USDC,0.6346,3063184,3860658,0.01,bykaranteli.com
2026-08-21,hyperliquid,perp,ARB,USDC,0.09846,4749085,4458800,0.01,bykaranteli.com
2026-08-21,hyperliquid,perp,AVAX,USDC,7.6472,10031429,16007715,0.01217768,bykaranteli.com
2026-08-21,hyperliquid,perp,BCH,USDC,297.1,18372056,7596902,0.05499743999999999,bykaranteli.com
2026-08-21,hyperliquid,perp,BNB,USDC,679.53,15895800,37801346,0.01887664,bykaranteli.com
2026-08-21,hyperliquid,perp,BTC,USDC,77357,7408027835,2607657146,0.01,bykaranteli.com
2026-08-21,hyperliquid,perp,DOGE,USDC,0.085017,72337110,46404580,0.07135056000000001,bykaranteli.com
2026-08-21,hyperliquid,perp,DOT,USDC,0.90737,3650496,4266789,0.01,bykaranteli.com
2026-08-21,hyperliquid,perp,ENA,USDC,0.14987,113766225,58435813,0.06730176,bykaranteli.com
2026-08-21,hyperliquid,perp,ETH,USDC,2425.1,2851098191,2199023873,0.01,bykaranteli.com
2026-08-21,hyperliquid,perp,FIL,USDC,0.78741,1444180,1990371,0.01,bykaranteli.com
2026-08-21,hyperliquid,perp,HBAR,USDC,0.077406,2128887,4144427,0.03415672,bykaranteli.com
2026-08-21,hyperliquid,perp,HYPE,USDC,75.106,1378581444,1771904576,0.02406168,bykaranteli.com
2026-08-21,hyperliquid,perp,LINK,USDC,11.646,41365318,66557367,0.0454492,bykaranteli.com
2026-08-21,hyperliquid,perp,LTC,USDC,52.059,8707911,15630283,0.03363608,bykaranteli.com
2026-08-21,hyperliquid,perp,NEAR,USDC,1.9048,41406150,64196594,0.04513216,bykaranteli.com
2026-08-21,hyperliquid,perp,ONDO,USDC,0.387057,30634329,26478329,0.0377764,bykaranteli.com
2026-08-21,hyperliquid,perp,OP,USDC,0.10364,1503863,3195431,-0.0297736,bykaranteli.com
2026-08-21,hyperliquid,perp,PEPE,USDC,0.004048,31883548,34181559,0.0585256,bykaranteli.com
2026-08-21,hyperliquid,perp,SOL,USDC,91.915,581353960,468964362,0.01321384,bykaranteli.com
2026-08-21,hyperliquid,perp,SUI,USDC,0.81557,25523857,30783756,0.04973696,bykaranteli.com
2026-08-21,hyperliquid,perp,TAO,USDC,229.76,23384116,37589452,0.07612872,bykaranteli.com
2026-08-21,hyperliquid,perp,TON,USDC,1.8014,0,0,0,bykaranteli.com
2026-08-21,hyperliquid,perp,TRX,USDC,0.3407,4317656,15345741,0.02786336,bykaranteli.com
2026-08-21,hyperliquid,perp,UNI,USDC,3.9853,19853858,21013435,0.01897624,bykaranteli.com
2026-08-21,hyperliquid,perp,WIF,USDC,0.18918,4495551,4357088,0.04581464,bykaranteli.com
2026-08-21,hyperliquid,perp,XLM,USDC,0.1936,6722010,8446164,0.06291152,bykaranteli.com
2026-08-21,hyperliquid,perp,XRP,USDC,1.3954,370863532,173562693,0.01,bykaranteli.com
2026-08-21,independentreserve,spot,ADA,USD,0.22173,77118,,,bykaranteli.com
2026-08-21,independentreserve,spot,BCH,USD,295.11,55549,,,bykaranteli.com
2026-08-21,independentreserve,spot,BTC,USD,77591.73,5930336,,,bykaranteli.com
2026-08-21,independentreserve,spot,DOGE,USD,0.08516,26462,,,bykaranteli.com
2026-08-21,independentreserve,spot,DOT,USD,0.8862,3466,,,bykaranteli.com
2026-08-21,independentreserve,spot,ETH,USD,2439.55,778460,,,bykaranteli.com
2026-08-21,independentreserve,spot,LINK,USD,11.5038,31151,,,bykaranteli.com
2026-08-21,independentreserve,spot,LTC,USD,52.3,18507,,,bykaranteli.com
2026-08-21,independentreserve,spot,SOL,USD,92.3374,301246,,,bykaranteli.com
2026-08-21,independentreserve,spot,USDC,USD,1.00483,286463,,,bykaranteli.com
2026-08-21,independentreserve,spot,USDT,USD,1.00539,1333138,,,bykaranteli.com
2026-08-21,independentreserve,spot,XRP,USD,1.40171,1132682,,,bykaranteli.com
2026-08-21,kraken,perp,AAVE,USD,111.35,5519074,2643159,0.02897326655953643,bykaranteli.com
2026-08-21,kraken,perp,ADA,USD,0.21908,29446036,5411019,0.002773097513167953,bykaranteli.com
2026-08-21,kraken,perp,APT,USD,0.6356,392963,467664,0.05791868227204395,bykaranteli.com
2026-08-21,kraken,perp,ARB,USD,0.09844,1518831,1588237,0.04933303681371701,bykaranteli.com
2026-08-21,kraken,perp,AVAX,USD,7.655,4404679,2743887,0.03310264671117372,bykaranteli.com
2026-08-21,kraken,perp,BCH,USD,296.55,4748142,1658067,-0.05889705788562492,bykaranteli.com
2026-08-21,kraken,perp,BNB,USD,678.74,4321494,2134793,0.02731317566390332,bykaranteli.com
2026-08-21,kraken,perp,BTC,USD,77352,1617900734,179401527,0.01713195631722699,bykaranteli.com
2026-08-21,kraken,perp,DOGE,USD,0.08489,18905375,4797822,-0.003910114041253664,bykaranteli.com
2026-08-21,kraken,perp,DOT,USD,0.9069,3388753,4182980,0.01791556867373646,bykaranteli.com
2026-08-21,kraken,perp,ENA,USD,0.14945,8256814,1628688,0.0739960651611568,bykaranteli.com
2026-08-21,kraken,perp,ETH,USD,2423.8,341865902,66538623,0.01088358321753395,bykaranteli.com
2026-08-21,kraken,perp,FIL,USD,0.7893,1310822,593804,0.02765502038868098,bykaranteli.com
2026-08-21,kraken,perp,HBAR,USD,0.07726,2773827,1096502,0.02537797349401484,bykaranteli.com
2026-08-21,kraken,perp,HYPE,USD,75.064,48519765,16142303,0.01860069827588946,bykaranteli.com
2026-08-21,kraken,perp,LINK,USD,11.637,9078290,5674002,-0.009080636980883725,bykaranteli.com
2026-08-21,kraken,perp,LTC,USD,52,2213686,3841453,0.005250303874203889,bykaranteli.com
2026-08-21,kraken,perp,NEAR,USD,1.9034,6063948,3351385,0.03294655174368953,bykaranteli.com
2026-08-21,kraken,perp,ONDO,USD,0.3871,2964791,2885262,0.03865883160026557,bykaranteli.com
2026-08-21,kraken,perp,OP,USD,0.10361,517363,540021,0.03967552022239865,bykaranteli.com
2026-08-21,kraken,perp,PEPE,USD,0.0000040428,5445488,2517944,0.07576176503906781,bykaranteli.com
2026-08-21,kraken,perp,SOL,USD,91.87,165250369,42153678,0.05084904411897273,bykaranteli.com
2026-08-21,kraken,perp,SUI,USD,0.815,11005397,3966127,0.01497021611822633,bykaranteli.com
2026-08-21,kraken,perp,TAO,USD,230.09,5865419,2532644,0.09723331810475842,bykaranteli.com
2026-08-21,kraken,perp,TRX,USD,0.34034,320797,1164009,0.01085135899880568,bykaranteli.com
2026-08-21,kraken,perp,UNI,USD,3.987,4070908,2771562,0.02191075047318216,bykaranteli.com
2026-08-21,kraken,perp,WIF,USD,0.1889,1211164,598334,0.01441860409276686,bykaranteli.com
2026-08-21,kraken,perp,XLM,USD,0.19374,3581971,2062890,0.01482789378728041,bykaranteli.com
2026-08-21,kraken,perp,XRP,USD,1.3957,146048952,13710747,0.0232841922228483,bykaranteli.com
2026-08-21,kraken,spot,ADA,USD,0.218834,19646401,,,bykaranteli.com
2026-08-21,kraken,spot,BTC,USD,77331.3,481641634,,,bykaranteli.com
2026-08-21,kraken,spot,DAI,USD,0.9999,71200,,,bykaranteli.com
2026-08-21,kraken,spot,DOGE,USD,0.0849045,19601304,,,bykaranteli.com
2026-08-21,kraken,spot,ETH,USD,2422.93,116266983,,,bykaranteli.com
2026-08-21,kraken,spot,SOL,USD,91.83,41644004,,,bykaranteli.com
2026-08-21,kraken,spot,USDC,USD,0.9999,111055974,,,bykaranteli.com
2026-08-21,kraken,spot,USDT,USD,0.99963,358747428,,,bykaranteli.com
2026-08-21,kraken,spot,XRP,USD,1.39455,167173083,,,bykaranteli.com
2026-08-21,kucoin,perp,AAVE,USDT,111.42,10094925,17053040,0.01,bykaranteli.com
2026-08-21,kucoin,perp,ADA,USDT,0.219,32605519,56517455,0.01,bykaranteli.com
2026-08-21,kucoin,perp,APT,USDT,0.6339,4037640,5176250,0.01,bykaranteli.com
2026-08-21,kucoin,perp,ARB,USDT,0.09834,3454682,17395152,0.01,bykaranteli.com
2026-08-21,kucoin,perp,AVAX,USDT,7.642,13847341,23121481,0.01,bykaranteli.com
2026-08-21,kucoin,perp,BCH,USDT,296.97,11020174,18732182,0.01,bykaranteli.com
2026-08-21,kucoin,perp,BNB,USDT,678.96,5906619,52617404,0.01,bykaranteli.com
2026-08-21,kucoin,perp,BTC,USDT,77337,1246112749,1647540814,0.01,bykaranteli.com
2026-08-21,kucoin,perp,DOGE,USDT,0.08484,46368273,139366295,0.01,bykaranteli.com
2026-08-21,kucoin,perp,DOT,USDT,0.907,3606444,10234601,0.01,bykaranteli.com
2026-08-21,kucoin,perp,ENA,USDT,0.14985,48418524,31111579,0.007899999999999999,bykaranteli.com
2026-08-21,kucoin,perp,ETH,USDT,2423.12,940200051,912979204,0.01,bykaranteli.com
2026-08-21,kucoin,perp,FIL,USDT,0.7877,5132579,7354222,0.01,bykaranteli.com
2026-08-21,kucoin,perp,HBAR,USDT,0.07726,5971138,11778333,0.01,bykaranteli.com
2026-08-21,kucoin,perp,HYPE,USDT,75.05,94006872,92979152,0.005,bykaranteli.com
2026-08-21,kucoin,perp,LINK,USDT,11.628,16900010,37618025,0.01,bykaranteli.com
2026-08-21,kucoin,perp,LTC,USDT,51.99,11440243,27727244,0.01,bykaranteli.com
2026-08-21,kucoin,perp,NEAR,USDT,1.902,16761377,47466702,0.01,bykaranteli.com
2026-08-21,kucoin,perp,ONDO,USDT,0.3868,7083080,28469331,0.005,bykaranteli.com
2026-08-21,kucoin,perp,OP,USDT,0.1037,1836277,3355412,0.01,bykaranteli.com
2026-08-21,kucoin,perp,PEPE,USDT,0.0000040418,51528090,37373166,0.01,bykaranteli.com
2026-08-21,kucoin,perp,SOL,USDT,91.857,211799947,210735509,0.01,bykaranteli.com
2026-08-21,kucoin,perp,SUI,USDT,0.8148,25773245,81145871,0.01,bykaranteli.com
2026-08-21,kucoin,perp,TAO,USDT,229.65,17000410,46928759,0.005,bykaranteli.com
2026-08-21,kucoin,perp,TRX,USDT,0.34042,3334950,26419009,0.01,bykaranteli.com
2026-08-21,kucoin,perp,UNI,USDT,3.98,7924672,19868192,0.01,bykaranteli.com
2026-08-21,kucoin,perp,WIF,USDT,0.1887,7875474,7849594,0.005,bykaranteli.com
2026-08-21,kucoin,perp,XLM,USDT,0.19344,8151768,25877469,0.01,bykaranteli.com
2026-08-21,kucoin,perp,XRP,USDT,1.39533,404843115,256913336,0.0019,bykaranteli.com
2026-08-21,kucoin,spot,BNB,USDT,681.6,19532529,,,bykaranteli.com
2026-08-21,kucoin,spot,BTC,USDT,77420.9,412102550,,,bykaranteli.com
2026-08-21,kucoin,spot,DOGE,USDT,0.0848,24282119,,,bykaranteli.com
2026-08-21,kucoin,spot,ETH,USDT,2427.8,253180513,,,bykaranteli.com
2026-08-21,kucoin,spot,SOL,USDT,91.93,49273890,,,bykaranteli.com
2026-08-21,kucoin,spot,USDC,USDT,1.0003,58193803,,,bykaranteli.com
2026-08-21,kucoin,spot,XRP,USDT,1.39147,198844018,,,bykaranteli.com
2026-08-21,luno,spot,AAVE,ZAR,110.6570693059409,1343,,,bykaranteli.com
2026-08-21,luno,spot,ADA,ZAR,0.2202456824373297,72507,,,bykaranteli.com
2026-08-21,luno,spot,AVAX,ZAR,7.497938067031567,2137,,,bykaranteli.com
2026-08-21,luno,spot,BCH,ZAR,299.9175226812627,3189,,,bykaranteli.com
2026-08-21,luno,spot,BTC,ZAR,77915.94811426857,8326503,,,bykaranteli.com
2026-08-21,luno,spot,DOGE,ZAR,0.08500787283497038,30396,,,bykaranteli.com
2026-08-21,luno,spot,DOT,ZAR,0.89787808352703,189,,,bykaranteli.com
2026-08-21,luno,spot,ETH,ZAR,2444.765189572867,462458,,,bykaranteli.com
2026-08-21,luno,spot,LINK,ZAR,11.70365649446402,10116,,,bykaranteli.com
2026-08-21,luno,spot,LTC,ZAR,51.86073829696834,20607,,,bykaranteli.com
2026-08-21,luno,spot,SOL,ZAR,92.61890480117967,365227,,,bykaranteli.com
2026-08-21,luno,spot,TRX,ZAR,0.3442803229111994,3199,,,bykaranteli.com
2026-08-21,luno,spot,UNI,ZAR,4.186348754092625,1103,,,bykaranteli.com
2026-08-21,luno,spot,USDC,ZAR,1.008391442353353,398398,,,bykaranteli.com
2026-08-21,luno,spot,USDT,ZAR,1.007835345280048,2096142,,,bykaranteli.com
2026-08-21,luno,spot,XLM,ZAR,0.1927032566044338,7110,,,bykaranteli.com
2026-08-21,luno,spot,XRP,ZAR,1.404613731223913,3166532,,,bykaranteli.com
2026-08-21,mercadobitcoin,spot,ADA,BRL,0.2194900346034139,37512,,,bykaranteli.com
2026-08-21,mercadobitcoin,spot,AVAX,BRL,7.626476444547546,14730,,,bykaranteli.com
2026-08-21,mercadobitcoin,spot,BTC,BRL,77054.84351137659,5160958,,,bykaranteli.com
2026-08-21,mercadobitcoin,spot,DOGE,BRL,0.08476483210578205,9394,,,bykaranteli.com
2026-08-21,mercadobitcoin,spot,DOT,BRL,0.9548995727734927,2556,,,bykaranteli.com
2026-08-21,mercadobitcoin,spot,ETH,BRL,2415.279630381411,929360,,,bykaranteli.com
2026-08-21,mercadobitcoin,spot,LINK,BRL,11.59156372634306,31087,,,bykaranteli.com
2026-08-21,mercadobitcoin,spot,LTC,BRL,51.83552746041872,17035,,,bykaranteli.com
2026-08-21,mercadobitcoin,spot,SOL,BRL,91.5501942817375,234921,,,bykaranteli.com
2026-08-21,mercadobitcoin,spot,USDC,BRL,0.9965203270892535,4334002,,,bykaranteli.com
2026-08-21,mercadobitcoin,spot,USDT,BRL,0.9963076804113746,1085311,,,bykaranteli.com
2026-08-21,mercadobitcoin,spot,XRP,BRL,1.389046762937617,564490,,,bykaranteli.com
2026-08-21,mexc,perp,AAVE,USDT,111.44,48820896,20731558,0.01,bykaranteli.com
2026-08-21,mexc,perp,ADA,USDT,0.2192,101343497,32770757,0.01,bykaranteli.com
2026-08-21,mexc,perp,APT,USDT,0.6345,8940213,22329625,0.01,bykaranteli.com
2026-08-21,mexc,perp,ARB,USDT,0.09843,11455717,16120838,0.01,bykaranteli.com
2026-08-21,mexc,perp,AVAX,USDT,7.642,71943103,24014948,0.01,bykaranteli.com
2026-08-21,mexc,perp,BCH,USDT,297.35,26877595,52949412,0.0122,bykaranteli.com
2026-08-21,mexc,perp,BNB,USDT,681.1,30225680,64061337,0.0158,bykaranteli.com
2026-08-21,mexc,perp,BTC,USDT,77329.9,10360939778,5032017640,0.01,bykaranteli.com
2026-08-21,mexc,perp,DOGE,USDT,0.08488,172531354,89341361,0.01,bykaranteli.com
2026-08-21,mexc,perp,DOT,USDT,0.9075,14724886,16309256,0.01,bykaranteli.com
2026-08-21,mexc,perp,ENA,USDT,0.14991,207297063,41827534,0.011,bykaranteli.com
2026-08-21,mexc,perp,ETH,USDT,2423.43,4669063541,1667164159,0.01,bykaranteli.com
2026-08-21,mexc,perp,HBAR,USDT,0.07724,14523761,15841729,0.01,bykaranteli.com
2026-08-21,mexc,perp,HYPE,USDT,75.031,458212876,94138394,0.0073,bykaranteli.com
2026-08-21,mexc,perp,LINK,USDT,11.629,143608922,38751147,0.01,bykaranteli.com
2026-08-21,mexc,perp,LTC,USDT,51.97,20998701,27378772,0.01,bykaranteli.com
2026-08-21,mexc,perp,NEAR,USDT,1.901,37545727,29189631,0.01,bykaranteli.com
2026-08-21,mexc,perp,ONDO,USDT,0.3867,52474483,43244004,0.005,bykaranteli.com
2026-08-21,mexc,perp,OP,USDT,0.10367,4234210,4850925,0.01,bykaranteli.com
2026-08-21,mexc,perp,PEPE,USDT,0.0000040476,399149011,106338871,0.048,bykaranteli.com
2026-08-21,mexc,perp,SOL,USDT,91.87,2077765920,350898384,0.01,bykaranteli.com
2026-08-21,mexc,perp,SUI,USDT,0.8151,157063340,78066902,0.01,bykaranteli.com
2026-08-21,mexc,perp,TAO,USDT,229.61,94264664,67395458,0.005,bykaranteli.com
2026-08-21,mexc,perp,TRX,USDT,0.34023,6061121,17457576,0.01,bykaranteli.com
2026-08-21,mexc,perp,UNI,USDT,3.979,31990075,25168888,0.01,bykaranteli.com
2026-08-21,mexc,perp,WIF,USDT,0.189,9143746,16122293,0.005,bykaranteli.com
2026-08-21,mexc,perp,XLM,USDT,0.1934,31351685,25978293,0.01,bykaranteli.com
2026-08-21,mexc,perp,XRP,USDT,1.3958,1441975161,237537451,0.01,bykaranteli.com
2026-08-21,mexc,spot,BNB,USDT,679.03,42689082,,,bykaranteli.com
2026-08-21,mexc,spot,BTC,USDT,77367.91,1097160678,,,bykaranteli.com
2026-08-21,mexc,spot,DOGE,USDT,0.08494,24272269,,,bykaranteli.com
2026-08-21,mexc,spot,ETH,USDT,2423.87,702933608,,,bykaranteli.com
2026-08-21,mexc,spot,FDUSD,USDT,0.9986,239894,,,bykaranteli.com
2026-08-21,mexc,spot,SOL,USDT,91.87,144643945,,,bykaranteli.com
2026-08-21,mexc,spot,USDC,USDT,1.00029,142144651,,,bykaranteli.com
2026-08-21,mexc,spot,XRP,USDT,1.3941,132403641,,,bykaranteli.com
2026-08-21,okx,perp,AAVE,USDT,111.4,99809972,14778594,0.01,bykaranteli.com
2026-08-21,okx,perp,ADA,USDT,0.2191,134214924,26386877,0.01,bykaranteli.com
2026-08-21,okx,perp,APT,USDT,0.6342,16137967,5110706,0.01,bykaranteli.com
2026-08-21,okx,perp,ARB,USDT,0.0984,16535489,4649095,0.01,bykaranteli.com
2026-08-21,okx,perp,AVAX,USDT,7.641,57772250,16031806,0.01,bykaranteli.com
2026-08-21,okx,perp,BCH,USDT,296.8,250905436,34912525,0.01,bykaranteli.com
2026-08-21,okx,perp,BNB,USDT,679,113119587,50416748,0.01,bykaranteli.com
2026-08-21,okx,perp,BTC,USDT,77329.6,18090741007,2334361371,0.01,bykaranteli.com
2026-08-21,okx,perp,DOGE,USDT,0.08487,543660622,100105045,0.01,bykaranteli.com
2026-08-21,okx,perp,DOT,USDT,0.9071,24978601,7850376,0.01,bykaranteli.com
2026-08-21,okx,perp,ENA,USDT,0.14979,519379779,16322161,0.005,bykaranteli.com
2026-08-21,okx,perp,ETH,USDT,2423.27,12567166728,1444394814,0.01,bykaranteli.com
2026-08-21,okx,perp,FIL,USDT,0.7875,54743222,13484478,0.01,bykaranteli.com
2026-08-21,okx,perp,HBAR,USDT,0.07723,14171511,4436565,0.01,bykaranteli.com
2026-08-21,okx,perp,HYPE,USDT,75.063,742376500,108442218,0.01,bykaranteli.com
2026-08-21,okx,perp,LINK,USDT,11.625,113972895,28622348,0.01,bykaranteli.com
2026-08-21,okx,perp,LTC,USDT,51.98,65535339,23044371,0.01,bykaranteli.com
2026-08-21,okx,perp,NEAR,USDT,1.901,62623413,23404395,0.01,bykaranteli.com
2026-08-21,okx,perp,ONDO,USDT,0.3867,69168870,13218466,0.005,bykaranteli.com
2026-08-21,okx,perp,OP,USDT,0.10368,14112278,4452458,0.01,bykaranteli.com
2026-08-21,okx,perp,PEPE,USDT,0.000004044,441790387,41794966,0.01695572970698,bykaranteli.com
2026-08-21,okx,perp,SOL,USDT,91.84,1290979034,267905921,0.01,bykaranteli.com
2026-08-21,okx,perp,SUI,USDT,0.8148,160469222,28060422,0.01,bykaranteli.com
2026-08-21,okx,perp,TAO,USDT,229.5,40089324,14846422,0.01,bykaranteli.com
2026-08-21,okx,perp,TRX,USDT,0.3402,13193354,14232856,0.01,bykaranteli.com
2026-08-21,okx,perp,UNI,USDT,3.979,67151629,20759147,0.01,bykaranteli.com
2026-08-21,okx,perp,WIF,USDT,0.1889,22514969,4690040,0.005,bykaranteli.com
2026-08-21,okx,perp,XLM,USDT,0.19338,32651352,8954233,0.01,bykaranteli.com
2026-08-21,okx,perp,XRP,USDT,1.3947,1480424895,115615870,0.01,bykaranteli.com
2026-08-21,okx,spot,BNB,USDT,679,10578994505,,,bykaranteli.com
2026-08-21,okx,spot,BTC,USDT,77357.1,105552338142853,,,bykaranteli.com
2026-08-21,okx,spot,DOGE,USDT,0.08491,8105331,,,bykaranteli.com
2026-08-21,okx,spot,ETH,USDT,2424.05,1439719293813,,,bykaranteli.com
2026-08-21,okx,spot,SOL,USDT,91.85,12623441258,,,bykaranteli.com
2026-08-21,okx,spot,USDC,USDT,1.0003,208179137,,,bykaranteli.com
2026-08-21,okx,spot,XRP,USDT,1.3961,255074601,,,bykaranteli.com
2026-08-21,paradex,perp,AAVE,USD,111.24,9652,42213,0.01001591665,bykaranteli.com
2026-08-21,paradex,perp,ADA,USD,0.2132,281,14174,0.01002865298,bykaranteli.com
2026-08-21,paradex,perp,AVAX,USD,8.075,266,11599,0.009999998702,bykaranteli.com
2026-08-21,paradex,perp,BNB,USD,678.78,71398,67423,0.010000460258,bykaranteli.com
2026-08-21,paradex,perp,BTC,USD,77378.6,17307987,2354577,0.010000932471,bykaranteli.com
2026-08-21,paradex,perp,DOGE,USD,0.08352,3003,24561,0.009997200563,bykaranteli.com
2026-08-21,paradex,perp,ENA,USD,0.1584,10915,31009,0.010402321867,bykaranteli.com
2026-08-21,paradex,perp,ETH,USD,2424.03,3890517,3070881,0.009996651475,bykaranteli.com
2026-08-21,paradex,perp,HYPE,USD,75.153,367694,300495,0.013233710618,bykaranteli.com
2026-08-21,paradex,perp,LINK,USD,11.611,91555,31725,0.009873933863,bykaranteli.com
2026-08-21,paradex,perp,LTC,USD,50.48,2526,11651,0.009996707153,bykaranteli.com
2026-08-21,paradex,perp,NEAR,USD,1.9028,7780,10316,0.009996285193,bykaranteli.com
2026-08-21,paradex,perp,ONDO,USD,0.3784,1753,4421,0.010006848372,bykaranteli.com
2026-08-21,paradex,perp,PEPE,USD,0.0035,13,3917,0.021140375047,bykaranteli.com
2026-08-21,paradex,perp,SOL,USD,91.905,250777,638264,0.009999998702,bykaranteli.com
2026-08-21,paradex,perp,SUI,USD,0.799,4708,28420,0.010021099477,bykaranteli.com
2026-08-21,paradex,perp,TAO,USD,229.35,5337,40415,0.01561357855,bykaranteli.com
2026-08-21,paradex,perp,TRX,USD,0.34003,464,34189,0.009999998702,bykaranteli.com
2026-08-21,paradex,perp,UNI,USD,3.924,3566,17264,0.009791963704,bykaranteli.com
2026-08-21,paradex,perp,XRP,USD,1.3912,15218,38205,0.009817422381,bykaranteli.com
2026-08-21,phemex,perp,AAVE,USDT,111.47,4764635,3959509,0.01,bykaranteli.com
2026-08-21,phemex,perp,ADA,USDT,0.2192,10486280,36333141,0.01,bykaranteli.com
2026-08-21,phemex,perp,ARB,USDT,0.0985,5870654,6362651,0.01,bykaranteli.com
2026-08-21,phemex,perp,AVAX,USDT,7.649,7688609,21368394,0.01,bykaranteli.com
2026-08-21,phemex,perp,BCH,USDT,296.79,7018879,5378610,0.01,bykaranteli.com
2026-08-21,phemex,perp,BNB,USDT,679.67,54656702,66062141,0.014818,bykaranteli.com
2026-08-21,phemex,perp,BTC,USDT,77325,656596350,168666320,0.01,bykaranteli.com
2026-08-21,phemex,perp,DOGE,USDT,0.08491,12857340,86952821,0.01,bykaranteli.com
2026-08-21,phemex,perp,DOT,USDT,0.907,1942263,1412428,0.01,bykaranteli.com
2026-08-21,phemex,perp,ENA,USDT,0.1502,15085735,2285252,0.005,bykaranteli.com
2026-08-21,phemex,perp,ETH,USDT,2422.78,82030447,239514282,0.01,bykaranteli.com
2026-08-21,phemex,perp,FIL,USDT,0.787,1889337,1971857,0.01,bykaranteli.com
2026-08-21,phemex,perp,HBAR,USDT,0.07728,1979601,2235619,0.01,bykaranteli.com
2026-08-21,phemex,perp,HYPE,USDT,75.054,4474520,10040724,0.01,bykaranteli.com
2026-08-21,phemex,perp,LINK,USDT,11.636,15636322,19143143,0.01,bykaranteli.com
2026-08-21,phemex,perp,LTC,USDT,51.99,8675132,18561208,0.01,bykaranteli.com
2026-08-21,phemex,perp,NEAR,USDT,1.902,4922197,2684096,0.01,bykaranteli.com
2026-08-21,phemex,perp,ONDO,USDT,0.3869,5233227,3358976,0.005,bykaranteli.com
2026-08-21,phemex,perp,SOL,USDT,91.88,40354798,36377570,0.01,bykaranteli.com
2026-08-21,phemex,perp,SUI,USDT,0.8154,15308902,6703037,0.01,bykaranteli.com
2026-08-21,phemex,perp,TAO,USDT,229.56,9838287,1988799,0.005,bykaranteli.com
2026-08-21,phemex,perp,TRX,USDT,0.34022,1586317,5070067,0.01,bykaranteli.com
2026-08-21,phemex,perp,UNI,USDT,3.98,7165271,18488010,0.01,bykaranteli.com
2026-08-21,phemex,perp,XLM,USDT,0.19345,8266402,5727679,0.01,bykaranteli.com
2026-08-21,phemex,perp,XRP,USDT,1.3938,40458401,51290578,0.01,bykaranteli.com
2026-08-21,poloniex,spot,AAVE,USDT,111.46,8970214,,,bykaranteli.com
2026-08-21,poloniex,spot,ADA,USDT,0.2192,13186727,,,bykaranteli.com
2026-08-21,poloniex,spot,APT,USDT,0.641,1952479,,,bykaranteli.com
2026-08-21,poloniex,spot,ARB,USDT,0.0976,1828707,,,bykaranteli.com
2026-08-21,poloniex,spot,AVAX,USDT,7.626,8647159,,,bykaranteli.com
2026-08-21,poloniex,spot,BCH,USDT,296.37,9903299,,,bykaranteli.com
2026-08-21,poloniex,spot,BNB,USDT,679.16,36257371,,,bykaranteli.com
2026-08-21,poloniex,spot,BTC,USDT,77361.52,653557595,,,bykaranteli.com
2026-08-21,poloniex,spot,DOGE,USDT,0.08497,30325930,,,bykaranteli.com
2026-08-21,poloniex,spot,DOT,USDT,0.907,2502627,,,bykaranteli.com
2026-08-21,poloniex,spot,ENA,USDT,0.1398,278,,,bykaranteli.com
2026-08-21,poloniex,spot,ETH,USDT,2423.94,288933892,,,bykaranteli.com
2026-08-21,poloniex,spot,FIL,USDT,0.79,3261433,,,bykaranteli.com
2026-08-21,poloniex,spot,LINK,USDT,11.6327,13844640,,,bykaranteli.com
2026-08-21,poloniex,spot,LTC,USDT,51.999,8719831,,,bykaranteli.com
2026-08-21,poloniex,spot,NEAR,USDT,1.907,7584834,,,bykaranteli.com
2026-08-21,poloniex,spot,ONDO,USDT,0.3569,1758,,,bykaranteli.com
2026-08-21,poloniex,spot,OP,USDT,0.1034,1168971,,,bykaranteli.com
2026-08-21,poloniex,spot,PEPE,USDT,0.00000405018,12182046,,,bykaranteli.com
2026-08-21,poloniex,spot,SOL,USDT,91.896,62643884,,,bykaranteli.com
2026-08-21,poloniex,spot,SUI,USDT,0.8159,17482102,,,bykaranteli.com
2026-08-21,poloniex,spot,TRX,USDT,0.34038,11875003,,,bykaranteli.com
2026-08-21,poloniex,spot,UNI,USDT,3.9822,7774025,,,bykaranteli.com
2026-08-21,poloniex,spot,WIF,USDT,0.1297,0,,,bykaranteli.com
2026-08-21,poloniex,spot,XLM,USDT,0.1937,9773734,,,bykaranteli.com
2026-08-21,poloniex,spot,XRP,USDT,1.3951,105826567,,,bykaranteli.com
2026-08-21,upbit,spot,ADA,KRW,0.2197962154294032,19349320,,,bykaranteli.com
2026-08-21,upbit,spot,BTC,KRW,77422.12518195051,304960948,,,bykaranteli.com
2026-08-21,upbit,spot,DOGE,KRW,0.0851528384279476,34054935,,,bykaranteli.com
2026-08-21,upbit,spot,ETH,KRW,2425.764192139738,162646806,,,bykaranteli.com
2026-08-21,upbit,spot,SOL,KRW,91.99417758369724,54178399,,,bykaranteli.com
2026-08-21,upbit,spot,USDC,KRW,1.000727802037846,3103986,,,bykaranteli.com
2026-08-21,upbit,spot,USDT,KRW,1,263849702,,,bykaranteli.com
2026-08-21,upbit,spot,XRP,KRW,1.395924308588064,458061496,,,bykaranteli.com
2026-08-21,whitebit,perp,AAVE,USDT,111.28,22835980,16945830,-0.043927,bykaranteli.com
2026-08-21,whitebit,perp,ADA,USDT,0.218521,45847397,24636097,0.00896,bykaranteli.com
2026-08-21,whitebit,perp,APT,USDT,0.6367,6630664,4376998,0.01,bykaranteli.com
2026-08-21,whitebit,perp,ARB,USDT,0.09819,3228456,5051833,0.01,bykaranteli.com
2026-08-21,whitebit,perp,AVAX,USDT,7.6423,15787531,15581075,0.01,bykaranteli.com
2026-08-21,whitebit,perp,BCH,USDT,296.29,26410096,31192955,0.01,bykaranteli.com
2026-08-21,whitebit,perp,BNB,USDT,679.17,45454115,38640066,0.01,bykaranteli.com
2026-08-21,whitebit,perp,BTC,USDT,77358.1,6512413688,1592103884,0.01,bykaranteli.com
2026-08-21,whitebit,perp,DOGE,USDT,0.08484,85314467,64583317,0.01,bykaranteli.com
2026-08-21,whitebit,perp,DOT,USDT,0.9053,3459213,7232640,0.01,bykaranteli.com
2026-08-21,whitebit,perp,ENA,USDT,0.1498,18043850,21690858,0.005,bykaranteli.com
2026-08-21,whitebit,perp,ETH,USDT,2427.63,10026766179,1112994531,0.015889,bykaranteli.com
2026-08-21,whitebit,perp,FIL,USDT,0.7876,8681873,9848943,0.01,bykaranteli.com
2026-08-21,whitebit,perp,HBAR,USDT,0.07714,12884475,5920053,0.01,bykaranteli.com
2026-08-21,whitebit,perp,HYPE,USDT,75.135,22307910,94628692,0.020763,bykaranteli.com
2026-08-21,whitebit,perp,LINK,USDT,11.6213,36572484,30718539,0.01,bykaranteli.com
2026-08-21,whitebit,perp,LTC,USDT,51.94,60838812,16302127,0.01,bykaranteli.com
2026-08-21,whitebit,perp,NEAR,USDT,1.904,19846829,19362734,0.01,bykaranteli.com
2026-08-21,whitebit,perp,ONDO,USDT,0.3869,5452236,11755359,0.005,bykaranteli.com
2026-08-21,whitebit,perp,OP,USDT,0.1035,2004350,3410218,0.01,bykaranteli.com
2026-08-21,whitebit,perp,PEPE,USDT,0.00000403,3054742,7754470,0.01,bykaranteli.com
2026-08-21,whitebit,perp,SOL,USDT,91.8177,331204859,192451538,0.01,bykaranteli.com
2026-08-21,whitebit,perp,SUI,USDT,0.814,37698572,24055901,0.01,bykaranteli.com
2026-08-21,whitebit,perp,TAO,USDT,229.54,9959712,14810996,0.005,bykaranteli.com
2026-08-21,whitebit,perp,TRX,USDT,0.339965,35479399,20534592,0.01,bykaranteli.com
2026-08-21,whitebit,perp,UNI,USDT,3.9783,19146407,17203963,0.01,bykaranteli.com
2026-08-21,whitebit,perp,WIF,USDT,0.1887,7324717,3778852,0.005,bykaranteli.com
2026-08-21,whitebit,perp,XLM,USDT,0.19358,8436926,9161480,0.01,bykaranteli.com
2026-08-21,whitebit,perp,XRP,USDT,1.39497,595756966,109080711,0.01,bykaranteli.com
2026-08-21,whitebit,spot,AAVE,USDT,111.4339,9200675,,,bykaranteli.com
2026-08-21,whitebit,spot,ADA,USDT,0.219145,22334571,,,bykaranteli.com
2026-08-21,whitebit,spot,APT,USDT,0.634,4405939,,,bykaranteli.com
2026-08-21,whitebit,spot,ARB,USDT,0.0984,2144471,,,bykaranteli.com
2026-08-21,whitebit,spot,AVAX,USDT,7.6415,3245659,,,bykaranteli.com
2026-08-21,whitebit,spot,BCH,USDT,295.92,22463342,,,bykaranteli.com
2026-08-21,whitebit,spot,BNB,USDT,679.4,5427554,,,bykaranteli.com
2026-08-21,whitebit,spot,BTC,USDT,77356.05,486813317,,,bykaranteli.com
2026-08-21,whitebit,spot,DOGE,USDT,0.0849158,11484341,,,bykaranteli.com
2026-08-21,whitebit,spot,DOT,USDT,0.9066,2063524,,,bykaranteli.com
2026-08-21,whitebit,spot,ENA,USDT,0.1497,8942557,,,bykaranteli.com
2026-08-21,whitebit,spot,ETH,USDT,2424.33,341280989,,,bykaranteli.com
2026-08-21,whitebit,spot,FIL,USDT,0.7877,1908433,,,bykaranteli.com
2026-08-21,whitebit,spot,HBAR,USDT,0.077289,1328109,,,bykaranteli.com
2026-08-21,whitebit,spot,LINK,USDT,11.6348,15126631,,,bykaranteli.com
2026-08-21,whitebit,spot,LTC,USDT,52.06,4018797,,,bykaranteli.com
2026-08-21,whitebit,spot,NEAR,USDT,1.9013,5657109,,,bykaranteli.com
2026-08-21,whitebit,spot,ONDO,USDT,0.3867,7391594,,,bykaranteli.com
2026-08-21,whitebit,spot,OP,USDT,0.1037,1047609,,,bykaranteli.com
2026-08-21,whitebit,spot,PEPE,USDT,0.0000040412,14002207,,,bykaranteli.com
2026-08-21,whitebit,spot,SOL,USDT,91.8706,147484443,,,bykaranteli.com
2026-08-21,whitebit,spot,SUI,USDT,0.8151,17029331,,,bykaranteli.com
2026-08-21,whitebit,spot,TAO,USDT,229.4,4802451,,,bykaranteli.com
2026-08-21,whitebit,spot,TRX,USDT,0.340243,12784425,,,bykaranteli.com
2026-08-21,whitebit,spot,UNI,USDT,3.9812,7657230,,,bykaranteli.com
2026-08-21,whitebit,spot,USDC,USDT,1.0002,13974280,,,bykaranteli.com
2026-08-21,whitebit,spot,WIF,USDT,0.1888,950007,,,bykaranteli.com
2026-08-21,whitebit,spot,XLM,USDT,0.19354,7567143,,,bykaranteli.com
2026-08-21,whitebit,spot,XRP,USDT,1.39607,90860056,,,bykaranteli.com
2026-08-21,woo,perp,AAVE,USDT,111.42,9175,80874,0.01,bykaranteli.com
2026-08-21,woo,perp,ADA,USDT,0.2191,2813,16282,0.01,bykaranteli.com
2026-08-21,woo,perp,APT,USDT,0.635,838,909,0.01,bykaranteli.com
2026-08-21,woo,perp,ARB,USDT,0.0985,132,9151,0.01,bykaranteli.com
2026-08-21,woo,perp,AVAX,USDT,7.64,11710,33249,0.01,bykaranteli.com
2026-08-21,woo,perp,BCH,USDT,296.9,4554,3957,0.012284,bykaranteli.com
2026-08-21,woo,perp,BNB,USDT,679.4,28688,13599,0.015806,bykaranteli.com
2026-08-21,woo,perp,BTC,USDT,77333,3608572,16091008,0.01,bykaranteli.com
2026-08-21,woo,perp,DOGE,USDT,0.0849,842,68402,0.01,bykaranteli.com
2026-08-21,woo,perp,DOT,USDT,0.907,863,6042,0.01,bykaranteli.com
2026-08-21,woo,perp,ENA,USDT,0.1498,23262,10986,0.011053,bykaranteli.com
2026-08-21,woo,perp,ETH,USDT,2423.4,9989014,1566253,0.01,bykaranteli.com
2026-08-21,woo,perp,FIL,USDT,0.788,1281,6321,0.01,bykaranteli.com
2026-08-21,woo,perp,HBAR,USDT,0.07727,131,24710,0.01,bykaranteli.com
2026-08-21,woo,perp,HYPE,USDT,75.062,273449,341540,0.007322,bykaranteli.com
2026-08-21,woo,perp,LINK,USDT,11.633,2747,33291,0.01,bykaranteli.com
2026-08-21,woo,perp,LTC,USDT,51.99,25331,22153,0.01,bykaranteli.com
2026-08-21,woo,perp,NEAR,USDT,1.902,18434,42109,0.01,bykaranteli.com
2026-08-21,woo,perp,ONDO,USDT,0.3867,78046,89194,0.005,bykaranteli.com
2026-08-21,woo,perp,OP,USDT,0.1037,158,3530,0.01,bykaranteli.com
2026-08-21,woo,perp,SOL,USDT,91.87,58380,179498,0.01,bykaranteli.com
2026-08-21,woo,perp,SUI,USDT,0.815,6405,17074,0.01,bykaranteli.com
2026-08-21,woo,perp,TAO,USDT,229.6,115388,201922,0.005,bykaranteli.com
2026-08-21,woo,perp,TRX,USDT,0.3402,3509,7174,0.01,bykaranteli.com
2026-08-21,woo,perp,UNI,USDT,3.981,903,1705,0.01,bykaranteli.com
2026-08-21,woo,perp,XLM,USDT,0.1934,521,1626,0.01,bykaranteli.com
2026-08-21,woo,perp,XRP,USDT,1.3954,23364,86332,0.01,bykaranteli.com
